Probes,G104,G108,G109,G110,G112,G113,G117,G123,G126,G128,G132,G133,G134,G135,G136,G139,G142,G144,G302,G303,G304,G306,G310,G316,G319,G328,G332,G337,G356,G358,G359,G360,G362,G363,G367,G368,G373,G374,G375,G379,G382,G383,G385,G386,G387,G390,G391,G395,G397
IL10,0.557745,-0.0113,-0.126254,-0.157595,0.53865,0.271718,-0.839344,0.160333,0.871862,-0.060256,0.372156,1.107068,0.442654,0.857747,0.216753,0.370093,-0.554318,-2.837647,-0.036594,0.206437,0.176427,-0.159114,0.198473,0.113557,1.121732,-3.00012,-0.029247,-0.09258,0.062812,0.506367,0.340086,-0.486592,3.476335,0.137838,-0.159252,-2.93813,-3.120865,0.043359,-0.040136,0.279953,0.596238,0.188882,0.443153,-3.050318,0.210161,-0.156147,0.09408,0.265132,1.104269
IL-10RB,-0.066895,-0.133839,-0.000171,-0.043822,-0.170119,0.122224,0.079273,-0.083233,-6.441766,-0.079056,0.046566,-0.022985,-0.084833,0.172224,0.053129,0.079794,-0.199547,0.018811,-0.121228,3.411259,3.351673,0.062648,-0.08389,6.616348,3.349796,0.059973,-0.038844,-0.060998,0.0291,0.096871,-0.084486,-0.394857,0.027116,-3.302375,-0.065724,0.010441,-0.035647,-0.006316,-0.11665,0.080742,0.087957,0.003748,0.160715,-0.026883,-0.003548,3.266036,-0.001055,-0.069417,0.139288
CCL11,0.008438,-6.666311,-0.033001,0.031363,0.020408,0.010809,-0.025995,0.013448,0.122074,-0.004788,0.018784,0.029918,-0.013446,0.030159,0.012913,3.319222,-0.039685,0.059777,-0.038654,0.017315,0.102283,-0.093897,0.028038,-0.045068,-0.019877,0.01808,3.396616,0.069684,-0.001766,3.268358,0.002753,-0.057275,-0.047112,0.009517,-3.339103,-0.001799,-6.650744,-0.015763,0.027069,3.363601,3.339279,-0.026931,0.019104,-3.293384,3.321694,-0.018451,-0.01798,0.020212,3.409359
MMP-1,0.054836,6.543044,-0.142475,0.120251,-0.029769,-0.309573,-0.253906,0.192987,-0.028877,-0.105338,0.052467,0.016328,-0.045106,0.025237,-0.001199,-3.421344,-0.146453,-0.170319,0.001096,-0.10264,0.180132,0.279806,-0.165851,6.204358,0.189099,-0.013984,-0.09537,-0.174267,-0.002377,0.072466,-0.026337,-0.159605,-0.107503,-0.012107,0.008157,6.637969,-0.03499,-0.175375,0.039884,-0.032421,0.075183,-6.839431,-6.619506,0.087809,0.032568,-0.025951,-0.021359,0.037742,-9.836833
CCL3,0.251758,0.011086,-0.068259,0.164276,-0.106158,0.304854,-0.093259,0.269738,0.296115,-0.195234,-3.208704,0.240754,0.123318,0.315467,0.026073,0.027484,-0.142961,0.303239,-0.155452,-0.083811,-0.356375,0.331528,0.125047,-0.227243,0.348207,3.430616,3.644557,-3.134139,0.033523,3.319053,0.106031,-0.554217,-0.364374,0.017184,-0.143668,0.087496,0.180046,-0.156293,0.103634,3.431019,0.229419,0.153758,0.180301,0.339103,0.050933,3.311798,0.022387,0.148435,3.652915
TNFB,0.304953,3.27673,0.031878,3.38208,0.276384,0.49394,3.449295,0.289592,0.288228,0.172045,0.112062,0.028145,0.098172,0.078775,0.15809,-0.028653,0.21556,3.327565,-0.109969,3.526262,0.16276,0.070121,-0.181715,0.097511,-0.064494,0.054275,0.117325,0.435464,0.167165,0.180598,-0.152748,0.147103,0.017048,0.206115,0.171988,0.069105,0.197254,0.281929,0.123528,0.118601,0.062609,0.145517,-0.029718,0.182201,3.072255,0.030784,3.284726,0.137937,0.258405
TNFSF14,0.180589,-0.392323,-0.457942,0.272828,0.091115,-0.787372,-0.217107,0.299599,0.074563,-0.769937,0.260046,-0.34913,-0.134311,0.075716,-0.038591,2.808983,-0.62584,-0.332713,0.182162,0.014796,-3.983645,-0.168449,-0.019978,-0.553331,0.408935,-0.160406,0.075124,-0.219713,-0.134633,3.017028,-0.488516,-0.460239,0.118426,-0.464303,0.040838,-0.016013,-3.408473,-0.549024,0.287546,-0.06136,-3.404494,-0.544884,0.188881,0.314612,0.16354,-0.335183,-0.074522,0.102106,0.427059
TRAIL,-3.173281,3.429666,3.37005,0.062125,3.340331,3.512122,0.0697,0.123114,0.441688,0.024397,3.399472,0.176527,0.131816,0.210075,0.039956,0.112339,-0.12401,-3.089072,0.035448,0.148588,0.194636,-0.014231,0.234132,3.255202,0.184871,0.191955,3.419869,3.355917,0.046636,0.094454,0.177242,-0.118715,0.0717,0.183362,-0.035428,0.118764,0.120453,0.095181,0.159024,0.113771,0.105052,0.104484,3.489457,0.199841,0.126717,-3.303456,0.035899,0.11367,-6.40934
CX3CL1,0.235676,0.036426,0.046011,-3.258354,0.275777,0.390237,0.150758,0.251913,0.352992,-0.147441,0.183102,0.228986,0.067467,0.059293,0.121663,0.118397,0.208962,0.07348,0.083484,0.380275,0.302181,0.097734,-3.350185,0.090266,0.15872,0.198631,6.983767,-2.673079,0.12656,0.262446,-0.16989,0.183661,0.057924,0.288527,0.293355,0.270969,0.119738,0.119935,0.145218,3.528527,3.40756,0.121848,-3.326723,0.122297,-0.180601,0.197705,0.046216,-0.048777,0.383471
CST5,-0.009715,-0.043863,-0.029672,-0.051308,-0.233649,0.105839,0.273935,0.048611,-6.510375,-0.140654,0.044594,-0.025458,-0.051851,0.082008,0.010668,0.028434,-3.453153,0.090244,-0.010321,0.053059,0.046842,-0.054909,0.108157,3.122094,0.005219,0.082136,3.512156,-3.485932,-0.021885,0.234583,-0.027253,-0.229832,0.142713,-0.029034,-0.074193,0.011877,-0.039514,-0.005612,-0.070773,0.072144,0.127644,-3.308416,0.117856,0.016902,6.619671,-0.103879,-0.064216,-3.298758,-0.018636
TGF-alpha,0.032722,-0.337247,-0.163185,3.935771,0.252929,-0.338965,-0.258691,0.159944,0.315567,-0.752598,0.077744,-0.686949,-0.261397,0.246206,-0.453249,-0.256282,-0.425331,-0.091017,3.049892,0.371728,-0.565985,-0.223461,-0.2166,-0.286689,0.835301,-0.066647,-3.557406,-0.2021,-0.214376,3.318811,2.701489,-1.077651,3.482031,-0.837753,0.036677,-3.383377,-3.5596,-0.151281,-0.490177,0.150021,0.019198,-0.19008,0.365012,-3.198154,-0.223439,-0.159525,0.065681,-0.169776,0.175706
IL7,0.216141,-0.83409,-0.553804,3.62619,0.032366,3.229576,-0.072299,-3.483105,0.267729,-0.47218,0.30583,0.326847,-0.276753,-3.656711,-4.401486,0.446003,-0.062779,-7.817438,-0.070988,2.837581,-0.444643,0.115211,-0.095133,-3.655367,-0.067897,0.768785,0.409172,-0.218387,-0.06225,-0.556674,0.420668,-0.74591,0.023937,-0.185952,-0.499407,0.484623,0.396057,-1.008357,-0.526427,-0.210922,-0.519891,-0.918016,0.9415,0.333557,7.804928,0.052589,0.134024,0.139121,7.631583
MCP4,-0.042228,-0.032948,-0.018285,-6.646224,-0.030658,0.138996,-0.017377,-0.052012,0.05202,-0.084807,0.027277,0.031384,0.002633,0.078103,0.02828,-6.672515,-0.045392,0.019693,-6.664629,0.015717,-6.589902,-0.068842,-6.701439,-0.137774,-0.057734,-0.000888,0.186383,0.050658,-6.69691,-0.127935,-0.004518,6.516833,0.001917,0.026652,-0.040027,-0.014391,0.010923,6.617702,0.004823,0.028014,0.032361,-0.000915,0.047868,-6.555868,-3.36434,-0.020982,-0.022665,0.020549,0.099286
uPA,0.032689,-0.004111,-0.0168,0.034723,0.092033,0.120465,-0.009032,0.077357,0.065102,-3.324689,0.021879,0.079537,-0.049926,-3.350077,0.011361,-0.141991,0.070871,-0.073771,-0.023389,0.049002,0.045305,-0.01885,3.329928,-0.003584,0.048597,0.173001,0.058916,0.16008,-3.280899,-6.592835,-3.387367,-0.028673,-0.046655,0.051435,0.062568,0.074601,0.033854,0.117692,-0.130811,0.163474,0.069479,-3.309692,-9.863831,-0.083618,-6.660708,-0.007387,-0.031346,-0.022711,0.063771
CCL19,3.488531,0.131033,-3.184227,0.132896,-0.017788,-3.072555,0.10189,0.04671,0.436824,-0.055138,0.164739,-9.865338,0.043981,-9.80843,0.162529,0.080031,-0.005399,0.306101,0.11075,0.148577,-0.037632,0.195507,0.266781,0.054871,-9.409899,-9.762486,-0.241519,0.169397,0.112858,0.246865,-9.839132,3.152985,0.034945,0.133969,-0.022098,3.404941,0.067795,0.104768,0.100184,3.398795,-9.788034,0.169959,0.131886,0.208941,0.024403,0.037068,-6.539415,0.181478,-9.701513
CXCL5,-9.911245,-0.091478,-0.11178,0.068436,-0.193674,9.820177,0.177552,-9.816842,0.032036,9.700429,0.044394,6.616564,-0.03877,-6.609606,0.083385,-0.033978,9.756273,9.788272,-0.020428,-0.112613,-0.139703,0.137974,-0.022954,-0.26901,0.0,6.654121,-3.1191,-0.025712,-0.019452,-0.002689,-0.020834,9.706276,-0.126359,-0.067934,-0.009669,-3.341759,-0.070875,9.693016,0.0,6.672351,0.04023,-0.188146,6.704363,0.065529,0.053789,6.628167,0.025687,0.025655,-6.498469
SCF,0.029965,-0.004778,0.000817,-3.325251,3.402783,-0.052387,-3.381101,3.415987,0.17118,-0.018135,-9.950143,0.020872,-0.015331,0.075736,3.334011,0.05126,-0.077463,0.024512,-3.32394,-3.24306,0.024873,-0.054823,-9.832575,3.314553,-0.047127,0.038869,0.044924,0.040532,0.014193,-9.932873,-0.002205,-0.109091,3.359622,-0.002004,9.956075,3.366217,-9.949961,0.001396,0.011326,0.023007,0.046222,-3.294409,0.033049,-3.301799,-3.296167,9.943346,0.017353,0.019041,0.067109
FGF-19,0.009608,-3.252609,-0.066778,-3.859124,0.313262,-0.039615,-3.414618,0.205046,0.07713,-0.279784,-0.077185,-0.031224,3.357315,0.272767,0.26662,-0.072504,0.123062,-3.415056,0.154313,0.25922,-0.107608,-3.325665,-0.303465,-0.135281,0.486234,-3.317092,-0.160178,-0.036715,-3.326948,0.126803,-3.660715,-0.041184,0.113789,-0.008475,-0.077169,-0.305374,-0.297171,0.168289,-0.0974,-0.093318,-0.067755,-0.110726,0.124293,-3.437486,3.255518,-0.101251,0.237843,-0.019463,0.116247
VEGFA,-3.250205,0.006904,-0.046066,-0.058802,3.42538,3.269944,0.05454,0.018486,0.014067,-0.030329,-0.022214,0.047848,0.011255,0.057924,0.054782,-0.189079,-0.109239,-3.429712,-0.083653,0.110414,0.020815,0.054595,-0.03575,-0.004156,0.049571,0.156621,-0.015554,0.183814,-0.156103,0.053162,0.069823,-0.081924,-0.067939,-0.087963,-0.006525,0.051887,-0.171393,-0.073309,-9.7368,0.179292,-9.827496,0.044006,-3.28812,0.046135,-0.057473,-0.130738,-0.031885,0.022266,0.130481
CXCL10,-9.519048,-6.450322,-6.398008,-3.057559,-9.741649,-2.73109,-9.698986,-9.595237,-9.436353,6.725765,-9.645612,-9.609511,0.232024,-3.093187,-3.123558,-9.750145,-9.865997,-9.568425,0.074537,0.194912,-0.056668,-9.529227,-9.577382,3.290685,-9.657993,-6.279709,0.363232,-9.683533,-9.662592,-9.487505,-6.357826,-0.091707,-0.033041,-9.692021,-3.282003,-3.11411,-6.35664,0.179026,-9.64019,0.145198,-9.591845,-9.774832,-9.765898,-9.626684,-9.746375,0.153791,0.182246,0.249881,-2.886481
CD6,-0.112251,-0.378029,-0.324027,-6.264358,-0.327423,-0.378762,0.076867,0.183209,0.266639,-0.229393,0.021517,-6.612372,-0.307229,0.143518,0.012714,-0.14394,-0.400393,0.002551,3.338717,0.127631,-0.278077,0.207251,0.093041,-0.104446,0.123831,0.026323,0.044665,-3.437961,-0.007491,3.186558,-0.062998,-0.559122,-0.06612,3.255192,-6.605586,-3.375557,-0.135007,-0.079233,-0.056971,0.074316,0.004377,0.043657,0.200038,0.03022,0.059037,-0.149642,0.08022,-0.091979,-3.060213
AXIN1,3.2309,-0.41181,-0.886339,0.276177,2.274285,-0.822394,0.164483,-7.401574,-2.79662,-0.993852,0.729343,0.454078,0.130067,-0.214383,0.557404,-4.525793,-0.89789,-7.571983,-0.10058,-0.707889,0.311875,-1.04084,-3.35691,-3.648864,0.401309,-0.011342,1.13411,-0.779637,-0.022595,-0.618136,-0.034198,-0.602366,-0.054774,0.328499,-0.010666,-0.019407,0.363483,-0.675514,4.228681,-0.193762,0.05818,-3.875513,-3.159499,1.02038,0.77308,3.106316,0.646935,-0.016783,8.065747
CXCL6,0.101978,-0.034444,-0.056698,0.093231,-9.741209,0.055375,9.822678,0.164326,-9.911723,9.707326,-3.215198,-0.043403,-0.01397,0.081241,-6.517999,-3.286836,-0.088284,-0.007762,0.04096,0.04325,-0.039873,-9.693476,-0.155627,9.675023,0.223967,-3.254989,0.092427,0.013921,-0.013824,3.292926,-0.040883,3.104016,-0.010908,-0.01532,-0.014428,0.013351,-0.019978,6.508563,-9.897723,-3.257928,0.103131,-0.070384,0.128979,0.189646,0.040023,0.060254,3.332859,0.038533,0.225098
HGF,-3.306018,-0.090009,0.015717,-0.00319,-3.460834,3.208552,0.068497,0.07659,0.162253,-0.167597,0.052623,3.191765,-0.06183,0.094249,0.043664,-3.363908,-0.153316,-0.009766,3.323191,0.079376,-0.149934,-3.414193,0.021146,-0.113065,0.051587,0.048413,0.002198,-3.290206,-0.042077,-0.011026,-3.449793,-0.192906,-0.012592,-0.111336,-0.012261,0.044956,-0.04174,-0.070113,-0.013856,0.035975,0.032513,-0.017971,0.109079,-3.344971,-0.011028,-3.39187,-0.03847,-0.008988,0.109835
Flt3L,0.082324,-0.076905,3.264965,0.015118,9.681537,-0.117285,-3.034291,0.21914,-3.177424,-0.087132,0.055534,0.026958,0.008082,0.074727,0.023822,-0.030246,-0.139575,3.414697,-0.02047,3.394621,0.004234,-3.227614,0.081219,-0.100713,-0.028759,0.025127,-0.008868,0.029941,0.003518,6.730075,6.608636,3.159489,-0.090765,-0.007877,-0.074374,0.005718,-0.021754,3.293342,-0.028168,-3.218404,-3.294978,0.059992,-3.267306,0.012662,-0.018102,3.226319,0.064029,-6.652597,3.425149
CSF-1,0.097766,-3.330363,0.012405,0.006434,0.106026,0.079629,0.053232,3.395133,0.094747,0.002469,0.054968,0.051371,-3.261649,0.037883,0.044173,3.352698,0.097608,0.006695,-3.307741,-3.155854,0.094331,0.043654,3.27208,0.036635,0.095488,0.023188,0.068655,0.101889,0.02035,0.07237,-0.051778,-3.286373,-0.029913,0.08456,0.062034,0.039737,0.023345,0.057856,0.013787,0.058128,3.347545,0.053833,-0.046225,0.056754,-0.110556,0.039389,-0.014266,0.03412,0.093429
CASP-8,-0.47442,3.423084,2.452029,-3.878956,-4.004575,-0.29699,-0.458489,0.288458,-0.564837,-0.493139,0.294463,0.332851,0.017432,3.381606,0.154239,-0.956655,-0.132333,0.314143,-0.724415,-0.267492,-0.975017,0.055616,-1.529919,-0.050712,-0.060003,-0.42814,-0.377789,0.36127,0.393727,-3.388064,-0.833142,-0.346947,-0.135602,0.146828,0.283559,-3.169081,-3.565119,-0.379182,-0.210898,0.210732,3.512055,0.743249,-0.378394,0.15626,-0.510239,-0.271008,-0.005402,-0.019286,-2.585674
CCL20,0.1833,0.082597,-0.425028,0.178739,3.755338,0.063574,0.044369,-0.029219,0.056152,0.176291,-0.323683,-0.206452,-0.275191,-3.424131,0.186212,0.024226,0.201582,-0.173275,0.072141,0.109509,-0.053828,0.087689,0.040765,0.209018,0.672811,-0.015304,0.111193,-3.267059,-0.036594,3.619653,-3.353765,0.183849,-3.429963,-0.163875,-0.032854,-0.223029,0.170886,-0.181819,0.110313,0.121905,3.31321,0.007914,-0.110043,0.090277,-0.163919,3.29009,-0.011005,-3.404585,-3.156766
IL8,-6.398855,0.074546,-0.002866,0.035254,0.220842,0.105354,0.179069,-3.153709,-3.209126,-0.051783,-0.083199,0.170915,-0.28533,3.336675,0.162354,-0.34654,-0.172259,-0.29601,-0.024231,0.246582,0.223767,-3.349459,-0.005179,3.374873,0.166024,0.32274,-3.332636,0.344158,-2.976258,0.149106,0.159981,0.291493,-0.304514,0.10633,0.139729,0.041322,0.107147,-0.44254,0.341498,0.376351,3.438059,0.463132,0.194345,-0.740739,-3.650693,-0.299463,0.38679,-0.028497,0.29177
4E-BP1,0.01172,0.008291,0.021981,2.809267,-0.453031,-0.239057,-0.396388,-0.61034,0.102686,-0.185588,0.439756,6.788033,0.170637,-0.06972,0.271414,-0.113896,-0.296636,0.05729,0.353572,-0.515414,-3.150717,-3.087928,-0.078695,-0.103707,-0.060176,0.264132,0.067747,-3.337937,-0.057972,-0.596443,-3.316652,0.139891,-3.192678,0.072351,-0.142965,0.015135,0.114661,-3.90993,0.091956,0.116537,-3.442572,-0.313196,0.111435,-0.053975,0.391234,-0.21871,-0.01092,0.611391,-0.374238
CD5,-0.078101,-0.202661,-0.113797,3.481861,-0.038143,-0.084155,-0.079375,-3.367762,0.34892,-0.183861,0.024746,-0.035234,-0.089379,0.26949,-0.057498,0.043468,-0.389655,0.036432,-0.070946,0.093731,-0.336213,0.198569,0.022134,3.402397,0.357061,0.098015,-0.092654,-0.45154,-0.032931,0.135594,-0.103153,-0.55029,0.081482,-0.020356,-0.062487,0.03795,0.039448,-0.034095,-0.12014,0.06224,0.104377,0.031049,0.20308,0.001406,0.022934,-0.116858,0.089838,-0.090662,0.196646
SIRT2,0.04722,-0.080068,2.786346,-0.110388,-0.658822,-0.087471,-0.524332,0.0,0.405942,-0.81681,0.84842,0.341288,0.273521,3.195898,0.843341,6.329873,-0.414086,-0.483212,0.26285,-0.502266,0.269427,3.044011,-0.721859,-0.297422,-3.33441,0.295288,0.750392,-0.279488,-0.193963,-0.676491,3.273595,0.162029,0.395705,0.048623,-0.314015,-0.311093,0.42095,-0.699293,3.683507,0.184841,6.363129,-0.207929,0.157674,0.302224,0.696281,-0.242386,0.240375,-0.368642,0.4048
ADA,0.138172,-3.328474,-0.098079,2.851113,-0.176681,3.728091,-0.049848,0.204257,3.351445,-0.19362,-0.037822,0.309581,-0.08611,0.165192,-0.052352,3.146432,0.166098,0.315582,-0.352456,-0.075952,-0.046516,-0.028272,-0.265898,-0.046776,-0.112071,-3.429284,-0.14098,0.42792,0.010478,-3.249434,-0.365431,-0.223237,-0.363176,3.48691,0.136789,-0.063299,3.256328,-0.012737,0.178776,-0.011471,-0.053249,0.315112,-3.451866,0.11072,-0.41654,0.035398,-0.11779,-0.259349,-3.061157
CCL25,0.070783,0.126405,-0.005378,-0.009935,0.214655,0.256882,0.097313,0.13706,0.174458,0.009223,0.00955,0.109963,0.087313,0.094513,-0.014309,-0.053153,0.151963,-3.274622,-0.085285,0.201437,0.099552,0.165458,0.01858,0.055501,0.267054,0.159309,0.117684,0.339632,0.038635,-3.29467,-0.191799,0.341213,-0.049506,0.094599,0.1034,0.04919,0.201354,0.149473,0.182555,0.143504,3.361855,0.003668,-6.643369,0.159853,-0.221365,-0.01381,-3.381609,2.2e-05,0.282051
LIF-R,-0.078476,-0.005377,0.087201,-0.073694,-3.48612,-0.221032,0.230455,0.47856,0.850421,-3.45351,-3.222315,3.210744,-0.234308,0.351872,0.150283,0.168246,-0.406307,0.151811,-3.354756,0.246035,0.077661,-3.271906,0.086868,0.049175,0.277806,0.259917,-0.054246,-0.077463,0.075268,0.526719,-0.128682,-0.82487,0.079688,0.028263,-0.130452,0.100574,-0.096006,-3.306429,-3.480129,0.343081,0.214063,0.127134,0.246229,-0.084657,-0.029565,-0.168044,0.063871,-0.054341,0.322819
CD8a,0.145785,0.030684,-9.834871,3.383078,0.093445,0.058564,-0.038724,0.119252,0.058279,-0.011639,0.164076,0.059951,-3.201567,0.06071,-6.742706,0.025813,0.166744,0.146724,-0.019752,-3.116603,0.121007,0.129814,-3.322813,0.041954,0.208028,-0.027241,0.104974,-9.602291,-9.625236,-3.229565,-9.898063,-0.033194,-0.129688,0.146566,0.293006,-0.141744,-9.833732,9.81635,0.031003,0.196571,-9.912724,-9.831961,0.019703,-6.32922,-9.691683,-0.027463,-0.315141,-9.851879,-9.840491
CCL4,0.217456,-0.003204,-0.026102,0.180461,0.009727,0.060069,-0.127417,-3.16684,0.304778,-0.255078,3.380985,0.144468,0.047048,3.628681,0.049552,-3.296821,-0.141977,0.185698,-3.448125,0.004261,-0.351447,0.125084,0.200284,-0.221742,0.025348,0.077937,0.329082,-0.000419,-3.313198,3.180482,0.115089,-0.444573,-0.126699,0.030731,-0.080435,0.044494,0.120733,-6.760775,0.127304,0.064963,0.251451,0.025783,0.145764,0.269354,-3.289371,-0.027662,-0.0471,0.168548,-3.048849
STAMPB,0.041821,0.167365,-0.140566,-0.427233,-3.874197,0.348476,-3.555894,0.245357,-0.248977,-0.090471,-3.513398,0.681541,0.24249,0.155575,0.236318,-0.741343,-3.453066,0.612315,-0.869414,3.002982,-0.673433,0.03752,-3.911521,-0.029434,-0.546931,3.006027,-0.414634,0.359349,0.320482,-0.089207,-0.530315,-3.625111,-3.818942,0.16655,3.548043,-0.138031,-0.144355,-0.210108,3.536646,-0.005022,-0.002732,0.625791,-0.266686,0.152499,-0.052875,-3.195638,-0.146775,-0.205712,0.472018
DNER,-3.32729,-0.068546,-0.039257,-0.043506,-0.060863,-0.103162,0.01649,0.072241,0.178924,-0.044533,0.034175,3.319925,-0.02882,0.094188,0.035791,0.014948,-0.105704,0.028123,-0.053938,0.064304,3.334617,0.000899,0.02473,3.236788,0.088354,0.026731,-0.006043,0.011843,-0.008572,3.344947,-0.035023,-0.174075,0.012644,-0.00456,-0.046496,0.027323,-3.361052,-0.012187,-0.038868,0.088863,0.032796,0.043,0.06276,-0.013961,0.001964,-3.364044,-0.004133,-0.036432,-3.233573
IL-18R1,0.109414,6.717327,0.027735,0.070351,-0.095432,-3.299511,0.165137,0.204521,0.352387,-0.015912,0.146483,0.034161,-0.03027,0.16479,-6.590142,0.045704,-0.106802,0.067968,0.063888,0.122763,-3.426162,-0.076667,3.57894,0.10083,0.088073,0.11578,0.222765,0.203867,0.096172,0.237428,0.010318,-0.173501,-0.104763,0.024578,3.336299,0.101717,0.013863,0.01911,-0.012425,0.144686,6.716731,-3.223237,0.110471,0.080128,0.063332,-0.041893,3.393068,0.018769,0.156173
LAPTGF-beta1,0.120358,-0.028876,3.224206,-0.238062,-0.141024,-0.018951,0.211954,0.072131,0.089875,0.012826,0.288302,0.038908,-0.032594,-0.0366,0.03545,-0.251826,3.242016,-0.348979,-0.370595,0.014414,-0.04868,0.070695,-0.137559,-0.057362,-0.016385,0.16362,-0.100823,0.325149,-0.024152,0.05003,0.057017,-0.243927,-0.046541,-3.303361,0.110029,0.083456,-0.046449,-0.210535,0.241114,0.08842,0.071707,0.064604,0.122155,-3.309554,-0.061823,-0.136886,-0.188154,0.085051,0.28318
CCL23,0.046735,-9.953572,-9.841515,3.320442,0.075858,-3.157099,9.884753,-3.297714,-9.85601,-0.036841,0.051641,9.963993,-0.073676,0.127419,3.353406,-0.016918,-0.083346,0.067978,0.00043,3.390598,3.302541,0.039127,0.019359,-0.077382,0.084403,-3.299615,0.038215,-3.236501,0.038674,-9.725666,-0.008462,-3.465646,9.913928,0.00116,9.924125,0.075916,9.915698,0.023396,-0.080184,3.404729,0.069072,6.619841,-9.867627,-0.010972,0.0189,-3.329125,0.027695,-0.05461,0.033844
MCP1,0.37158,0.249192,0.225465,0.159844,0.38448,-9.582978,-0.070561,0.24668,0.331899,0.046607,0.238423,-6.380848,0.158671,0.168365,0.211504,0.140129,0.104772,0.32899,0.116035,0.18861,-0.105702,-9.705837,0.239207,0.026919,-9.617837,0.291246,-6.380109,0.230006,0.243867,0.244111,0.204764,0.019452,0.11348,6.921518,0.030697,0.167369,0.251539,0.171313,6.893496,6.725017,0.300405,0.207898,0.144453,0.265648,0.176614,-6.510029,0.133495,0.228075,0.29906
CD40,0.045354,-0.043786,6.550948,0.045309,-0.06739,-0.036118,0.005619,0.04718,-9.870944,9.822578,-3.270002,-0.002796,-0.017209,-3.277134,0.037224,-0.060151,6.547871,0.022136,0.023019,0.019721,-0.00073,0.003602,9.89893,-0.033455,0.123912,0.004275,-9.899411,-0.019304,-0.013396,0.022712,9.923797,-0.120708,3.341127,3.320875,-0.022742,0.018183,-0.030846,9.930617,0.011349,-3.237185,0.021227,0.030786,-9.906742,0.107864,0.01583,6.61052,0.034865,-0.017348,3.412628
MCP-2,-9.572683,0.212736,-9.73632,0.1649,0.163828,0.047245,-6.274604,0.243996,0.290338,3.439256,0.202395,0.365439,-9.705302,-9.803446,-6.310003,0.105657,0.22873,0.249441,-3.146897,6.978852,0.284741,-9.65915,0.170676,0.184583,3.817239,0.079337,-9.797132,-9.575906,-9.632507,0.162552,0.08903,3.598091,0.087461,0.152725,-2.999338,-9.744336,-3.094159,0.099459,0.154439,-9.561238,0.319823,3.490394,0.173329,0.11749,-0.018457,0.307701,0.147865,-9.650353,0.521557
TNFRSF9,0.091686,-0.046116,-0.080705,-3.339961,0.094535,0.127634,0.00769,0.142914,0.089564,-0.084331,0.039028,0.026601,0.03827,-0.064894,3.438017,3.256474,3.460988,0.058111,-0.120102,0.130274,0.063018,0.044957,-0.241172,-0.003041,0.02198,0.071018,-0.007813,0.2706,-0.021493,0.09873,-0.170215,-3.245992,-6.689418,0.135992,0.033133,3.376279,0.10495,0.104912,0.147432,-3.25846,0.011242,0.052258,-0.018855,0.0651,-0.365214,0.002601,-0.073926,-0.015556,0.174591
FGF23,0.22597,-0.307075,0.036651,-5.892197,-1.143388,0.751234,0.540014,0.308649,0.67092,-0.039909,0.416122,-0.046843,-0.620516,-6.218399,0.364907,0.54152,-0.400274,0.524049,0.066229,0.099653,-0.14692,0.302216,0.580938,0.034816,0.297344,0.184064,0.087669,0.576026,0.06954,0.374638,-0.110884,-1.030957,-2.803934,-6.883345,0.066037,-0.101148,-0.335373,0.517133,0.012958,3.736175,-2.914279,0.266337,0.729175,0.059293,3.588971,0.049632,-3.06509,2.887544,0.712478
TWEAK,6.620729,-0.061078,-0.095753,-0.053811,3.312712,0.018724,0.009819,0.040426,0.008076,-0.049726,0.021438,0.027444,-3.340651,-0.098751,-0.08308,-0.071845,0.101383,0.058091,-0.11544,0.016139,-0.010435,-0.020193,-0.077163,-0.022584,-0.046774,-0.009938,-6.638704,0.138837,-0.057921,0.023292,-0.139888,-0.029916,-0.110084,0.085411,0.01061,-0.049535,0.040662,0.014109,0.09329,0.008307,-0.07274,-0.006427,-3.375556,-0.01005,-0.217854,-0.032572,-0.040423,-0.067812,0.091782
OSM,3.364069,-0.470766,-0.21409,0.12334,-2.793475,-0.388894,2.737546,-0.355325,0.214505,-0.997926,-3.381972,-0.614021,-0.08262,0.135968,-0.233938,-0.781018,-0.794157,-0.361685,-0.038877,0.597439,-1.089358,2.739927,-0.224625,-0.729937,4.189941,-0.245983,-0.265233,-3.18651,-0.685257,-0.610325,-0.625167,-0.159305,-0.132529,-0.957002,0.045376,-3.264325,-0.351196,-0.813184,-0.023351,-3.369558,-0.161843,-0.960246,3.164546,0.136925,-0.012833,-0.55678,-0.461246,3.410586,0.310374
MCP3,-2.594408,0.411469,-6.340461,-3.031406,-2.858297,0.0,0.143718,-2.892786,0.104577,-0.250144,3.091754,0.105874,0.808899,0.339547,0.454979,-0.374699,-0.233941,-7.373453,0.171097,0.354443,0.398061,0.22375,-0.150523,0.0,-2.851174,0.634168,-2.914466,0.361026,0.140469,0.394258,-2.585784,0.151899,3.003452,0.653543,-0.150708,0.239364,-0.056054,0.353817,3.177668,-2.813629,0.412879,0.340225,0.385421,-0.11342,3.313635,-0.213652,-2.848394,0.304791,0.522603
FGF-21,-0.059971,0.086911,3.50381,-0.44616,-1.470653,-0.397246,1.406885,-0.104705,0.042141,0.059655,2.592165,6.701155,0.181391,0.431273,-3.252683,-0.772634,-0.441212,0.360105,-4.182204,0.892579,3.132885,0.481991,-0.302031,-3.630249,0.028569,0.350449,0.703434,-2.403558,-0.026313,0.197695,3.525942,-0.96325,-1.713179,-0.127243,0.917284,-0.200425,0.245832,2.706256,0.149876,0.796135,0.245239,-0.445963,0.304358,0.123097,0.290406,-0.307898,3.218088,0.267737,0.865715
CXCL9,0.128363,0.007633,0.102338,0.0728,0.360362,0.192189,6.000753,0.159233,-2.922137,-0.070429,3.48828,0.077079,-0.003377,0.181518,0.088916,0.08235,-0.099058,0.208743,0.031158,3.437115,-0.271441,-6.625347,3.564177,3.185549,-3.527595,3.419337,0.408921,-0.023979,-0.004803,-2.985995,3.307536,-3.526645,0.066166,0.080665,3.279883,0.135006,0.041238,0.017398,0.065015,0.066459,-9.289021,-9.675467,0.101176,-6.533239,0.114503,-0.038049,0.245539,0.048678,0.269463
OPG,0.070357,-0.057072,-0.015952,0.053144,0.081821,-3.22104,0.038895,0.065715,-3.258629,-0.044437,3.328846,0.138491,-0.06277,0.051027,-9.875362,-0.001237,-0.040822,-9.931902,3.327678,0.045691,0.054645,0.019991,0.025404,0.036727,0.016023,0.096481,0.097002,-6.515486,-3.260939,0.083115,0.020325,3.193308,-0.02262,0.105873,0.076878,0.058654,0.07284,0.0146,-0.079771,9.881268,0.037502,-3.31207,-9.819665,-9.862765,9.877972,-0.087041,0.019121,0.028868,6.763808
IL18,-6.579867,-0.011244,0.089541,0.078119,-0.061726,0.079819,0.094847,0.069778,0.287648,-3.368538,0.151179,0.016071,-0.053044,0.147101,0.091506,0.06328,-0.122913,0.052105,0.023976,-3.160517,-0.02538,-0.019796,-0.082819,0.137778,0.211105,3.409512,0.218552,0.0234,0.028751,0.14639,-0.025092,-0.184395,0.058237,-6.616827,0.012559,0.162657,-0.016809,-3.29559,-0.004754,0.155791,0.070835,0.116373,0.103606,0.053663,0.083263,3.282455,-3.254756,-0.023725,0.161499
IL-12B,0.260954,-3.09864,-3.098834,0.185891,0.02788,3.727054,-0.000786,0.341653,0.530615,-0.078802,0.232505,-3.120534,0.141021,3.451039,0.152759,0.188545,0.047089,0.318848,0.085656,0.184518,3.209693,0.264838,0.178691,0.05251,-2.667681,3.625662,0.429535,-0.099486,3.340831,0.187118,3.483417,-0.081069,0.42931,0.208321,3.316178,0.225434,0.342433,0.197736,0.167736,0.282573,0.241089,0.207451,0.164847,0.320274,-3.176071,-0.006834,-3.019886,0.159388,0.365339
RANKL,-0.025839,0.115357,-0.28216,-0.211268,0.171478,-3.291427,-0.511034,0.240953,0.568652,-0.039029,-0.422553,0.208714,0.115263,3.525442,-0.103288,-0.007326,-3.875349,-0.108313,-3.069057,0.079476,-2.684327,0.18088,0.164602,-1.206979,0.452722,-0.111592,0.126019,-0.266024,-0.281659,-0.21127,0.0273,6.104183,-0.227612,0.050201,-3.554316,0.106932,2.99287,-0.027539,-3.43236,0.192897,-3.339764,-0.078712,0.144333,0.19644,0.087102,-0.096309,-0.088304,-3.550372,0.093663
CDCP1,0.093371,0.104972,0.090211,0.587986,0.71275,3.634378,-0.023299,0.492897,0.367165,-0.071235,-0.291208,0.667327,-0.448824,0.616071,-0.040605,-0.521563,0.145387,-0.846784,-3.267326,-2.645053,0.24957,0.150791,-0.223939,0.21,-3.29742,8.399237,0.502044,1.17334,0.053715,-6.402652,0.225337,0.125095,-0.108472,-0.010644,-0.217534,0.602597,-2.585233,3.285667,-0.244642,0.935394,3.386766,0.439684,-0.173279,-0.367448,-0.197004,0.398693,0.490559,3.284238,0.530973
MMP-10,0.065754,-0.161126,-0.153751,-2.939887,0.11783,0.135878,-0.311162,-0.292152,0.155035,0.013613,0.010819,0.03345,-0.141982,0.158609,0.060366,-0.036483,-0.220617,0.019102,-0.091095,3.400295,3.296299,2.827557,0.133518,0.341173,0.021196,0.038482,-0.034206,0.096034,0.164053,-0.062389,0.070602,-0.256744,-0.02968,-0.016667,-0.01162,-0.016219,-0.111194,-0.059246,-0.114401,-3.261774,3.49362,-3.409379,0.190779,-0.03101,-0.007125,-0.047732,0.003866,-0.143981,0.20225
PD-L1,6.934085,0.030719,-0.001949,0.089315,0.156834,0.196816,-3.44752,-3.157314,-2.875287,3.233836,0.158748,-3.142443,0.104784,-3.014942,0.136138,0.142195,-0.161268,0.266548,0.104172,0.348724,-3.401875,-0.025682,0.211095,-3.485579,0.365274,-3.115351,0.11509,-0.030636,0.170551,0.053685,0.140156,-0.473534,0.162894,3.410905,-3.402384,3.381661,3.41219,0.002325,0.123497,0.071982,3.625368,0.137094,0.275468,0.194788,0.105119,-0.1159,0.161917,-0.021833,-2.914894
CD244,0.014928,3.287396,-0.120619,-0.035034,0.092569,0.120943,0.009905,0.083373,0.077467,-0.063204,0.065865,-3.257119,-0.110905,0.007289,0.010604,-0.09019,-0.07861,3.2754,-0.106115,0.104735,0.029734,-0.021362,-3.479597,-0.039744,-0.043632,-0.031271,0.024147,0.221806,0.03592,0.042577,0.038412,-0.291919,-0.114652,0.01009,0.235439,0.015206,3.376808,3.337007,-3.4704,0.213654,3.305635,0.156881,0.163679,0.017122,3.328391,-0.008021,-0.147061,-0.030585,-3.198218
ST1A1,-0.044676,0.176622,-0.971082,-1.608735,-0.993843,4.018259,0.307167,-0.393419,-0.500065,-1.548889,-0.593738,0.838531,0.169317,7.377261,7.351954,-0.830424,-0.191819,0.00907,-8.548113,7.649822,-4.834159,7.917641,-8.221919,0.340189,-8.350434,-0.710041,-1.375036,0.512536,8.397814,0.327241,-7.995989,-7.750447,-4.331015,-0.162976,0.315323,0.163608,-0.315048,-0.257494,3.718643,7.7154,-0.009942,7.947366,-7.855006,0.415141,-0.303449,-0.244413,0.300116,-0.953523,9.33539
IL6,0.398198,-0.030552,-1.573738,0.750011,0.201696,-0.768597,3.863918,-0.509024,-0.146023,-3.545614,-0.192523,3.351825,3.996496,1.074713,0.186385,-0.906598,-4.432154,-0.313952,0.094292,0.36047,0.397563,0.199755,-0.377874,3.644919,3.428232,4.612619,-0.026421,3.996741,-4.319482,0.85377,4.29589,3.687184,-0.033277,-0.035514,-0.547876,3.946692,-0.645923,-0.141873,0.011551,1.191985,0.57818,-6.202392,0.453547,-0.117903,-1.004229,-0.740447,0.336809,0.337815,0.771951
Beta-NGF,1.184726,-7.219013,-0.34989,-0.183397,0.386953,0.052079,-1.333583,1.751691,7.650508,-0.681242,0.087302,-0.146241,-0.642628,0.384242,0.238335,-7.058037,-0.180438,-0.205591,-0.350464,0.854589,-0.389981,0.63537,-1.640456,-8.102902,1.179782,0.370649,-0.001978,-0.411706,-0.173231,-0.00434,-0.224738,-3.156266,-0.048508,-0.529796,-0.171572,0.65073,-0.411198,-6.769714,-0.165642,0.559554,1.095923,0.31097,7.2834,-1.27103,-0.119091,-0.178938,-1.214981,-0.331962,1.224659
CXCL1,0.179191,-6.605936,-0.054222,-6.53353,-9.834916,0.122481,9.930482,0.124602,-9.912182,9.772136,-9.868138,9.932034,3.359326,0.035067,0.108485,3.447185,-0.081958,3.371269,-9.870326,-3.334373,-0.010593,-3.195191,-0.021875,9.849743,-9.739464,0.058232,-6.502521,0.088115,-9.870837,0.04077,-0.02518,-0.144951,0.052704,-0.040166,0.048862,-0.005125,-9.911519,3.240993,-6.613397,-9.88642,-9.903416,3.258902,0.132042,3.372918,0.107838,0.086016,-6.649719,0.046963,0.216006
EN-RAGE,-0.321991,-6.961613,-1.248034,0.003355,-0.235083,1.97355,-0.913845,-0.338376,3.38276,-1.262287,0.212854,-0.347462,6.387777,-0.281961,0.125517,-1.405861,-8.828429,-0.405386,-0.070824,-0.58595,0.046239,0.178617,-0.9314,5.623095,0.134021,-0.16258,0.073005,-0.472617,-0.787224,-0.164482,-3.857846,-0.635247,-0.429379,-0.622205,0.046903,-0.275609,-0.2587,-0.985586,-0.048076,3.316774,-0.187688,-0.748142,0.263974,-0.432491,-3.097169,-0.405779,3.341286,-0.29108,0.96043
