Sample,G101,G102,G103,G104,G105,G108,G109,G110,G111,G112,G113,G114,G115,G116,G117,G118,G119,G120,G123,G126,G130,G132,G133,G134,G135,G136,G137,G138,G139,G140,G142,G143,G144,G301,G303,G304,G305,G306,G307,G308,G309,G310,G311,G312,G313,G314,G315,G317,G318,G319,G320,G322,G323,G324,G325,G327,G328,G332,G334,G335,G336,G337,G338,G340,G341,G342,G345,G347,G350,G352,G354,G357,G359,G360,G361,G362,G363,G365,G366,G367,G368,G370,G372,G373,G374,G375,G376,G379,G381,G382,G383,G384,G385,G387,G389,G390,G391,G392,G393,G394,G396,G397
1-MONOPALMITOYLGLYCEROL-2TMS-1-M/z371,7028.0,-1619.0,1272.0,-908.0,42.0,1471.0,-1911.0,1256.0,114.0,1267.0,327.0,86.0,661.0,1123.0,-490.0,667.0,271.0,-2396.0,1765.0,-676.0,-413.0,717.0,860.0,-515.0,-501.0,387.0,-1133.0,182.0,62.0,678.0,-265.0,-841.0,502.0,165.0,1166.0,-143.0,464.0,-465.0,255.0,2126.0,1018.0,5.0,-459.0,502.0,-1071.0,421.0,118.0,428.0,1140.0,79.0,-216.0,-331.0,-147.0,342.0,-448.0,-161.0,154.0,934.0,-258.0,609.0,-50.0,565.0,625.0,723.0,86.0,970.0,537.0,-88.0,1016.0,-146.0,-133.0,-868.0,-128.0,-272.0,701.0,-1723.0,-202.0,283.0,496.0,-1088.0,-434.0,-502.0,377.0,690.0,285.0,-75.0,-873.0,67.0,-416.0,74.0,973.0,-67.0,37.0,354.0,68.0,-70.0,544.0,839.0,575.0,647.0,429.0,-16.0
1-PALMITOYL-sn-GLYCERO-3-PHOSPHOCHOLINE-TMSderivative-1-M/z301,715.0,1649.0,-1585.0,2126.0,-3136.0,-2332.0,-3353.0,-1209.0,-2723.0,-1585.0,3180.0,2231.0,-4382.0,-1236.0,207.0,2121.0,1453.0,-3015.0,-1090.0,-5401.0,-373.0,1853.0,-1704.0,-3244.0,-971.0,-873.0,-1913.0,371.0,-9.0,2272.0,-52.0,-2253.0,969.0,-995.0,122.0,-375.0,177.0,-788.0,-226.0,1007.0,1194.0,458.0,-1237.0,1368.0,-2779.0,143.0,-3691.0,183.0,-897.0,-826.0,-2632.0,159.0,-2533.0,-8.0,-436.0,1564.0,1255.0,-1450.0,2408.0,1501.0,-376.0,1940.0,-1814.0,73.0,988.0,-483.0,-1992.0,454.0,1309.0,-1870.0,-2373.0,-37.0,-444.0,-572.0,2179.0,-1628.0,-624.0,-787.0,-269.0,-323.0,-172.0,-668.0,-130.0,-1027.0,14.0,-382.0,-2885.0,-3532.0,-1502.0,1099.0,-2537.0,-1663.0,670.0,-3681.0,-1469.0,-874.0,-1228.0,1621.0,-302.0,-88.0,-191.0,836.0
2-AMINOBUTYRICACID-O-N-TMS-1-M/z130,-16330.0,-3922.0,56725.0,-52546.0,-59990.0,-17191.0,-16904.0,-85805.0,-7694.0,-58696.0,-38124.0,65355.0,-39121.0,20363.0,-29242.0,5186.0,-24173.0,40929.0,-1746.0,-6781.0,-8944.0,-5023.0,-10067.0,27803.0,3452.0,-46359.0,-11147.0,35642.0,-36579.0,-15010.0,-36531.0,19550.0,-4374.0,47385.0,6578.0,10172.0,-20268.0,-41633.0,-6057.0,-830.0,2402.0,-39701.0,-8841.0,-24508.0,11055.0,-25130.0,9813.0,23289.0,16774.0,21605.0,-31866.0,-5865.0,-1211.0,-30456.0,8642.0,-15115.0,-37080.0,6639.0,13259.0,-39313.0,7434.0,-20399.0,15438.0,4150.0,10774.0,-11089.0,10289.0,-6322.0,-13548.0,-28775.0,-34647.0,-10965.0,-19075.0,27093.0,-52403.0,5409.0,38750.0,17985.0,-26570.0,-23499.0,39857.0,40941.0,6329.0,47538.0,4778.0,-4354.0,-20319.0,60422.0,-54172.0,-23913.0,-28182.0,-29292.0,24491.0,-52070.0,-40689.0,54099.0,46894.0,-61535.0,13717.0,6176.0,-4837.0,-39162.0
3-HYDROXYBUTYRICACID-2TMS-1-M/z204,6374.0,1041.0,2375.0,-628.0,-19739.0,733.0,-1146.0,-4809.0,-284.0,984.0,-492.0,5805.0,-9638.0,-975.0,6884.0,1718.0,-61.0,5540.0,2160.0,-4080.0,-422.0,-184.0,19.0,14814.0,1922.0,-21107.0,-1903.0,1251.0,3466.0,3131.0,1268.0,-211.0,-142.0,-1184.0,946.0,-40.0,3751.0,-4347.0,690.0,-91.0,-1190.0,-1044.0,-1666.0,-2552.0,-1111.0,-43606.0,349.0,2225.0,-6282.0,2611.0,-3591.0,849.0,3281.0,-3863.0,-138.0,-11402.0,9019.0,511.0,-381.0,-95.0,-739.0,1001.0,-15306.0,-619.0,1497.0,1135.0,3176.0,-10310.0,-293.0,-27446.0,-318.0,-914.0,-774.0,-3508.0,-2817.0,493.0,1986.0,-676.0,-38255.0,-2085.0,6672.0,10372.0,2558.0,2586.0,2311.0,2226.0,-24662.0,3414.0,843.0,5023.0,2.0,-4217.0,11772.0,1337.0,3693.0,1216.0,17404.0,6492.0,1360.0,816.0,-944.0,-1399.0
ACETAMINOPHEN-2TMS-1-M/z297,-111.0,498.0,-478.0,264.0,-361.0,458.0,-430.0,-531.0,-460.0,432.0,425.0,-164.0,432.0,126.0,-56.0,0.0,206.0,-452.0,0.0,349.0,99.0,88.0,67.0,-165.0,-91.0,126.0,683.0,353.0,-46.0,259.0,927.0,61.0,2134.0,53.0,-692.0,6770.0,-246.0,156.0,-274.0,0.0,-176.0,308.0,-254.0,-355.0,41.0,-97.0,-2493.0,-41.0,-141.0,593.0,-90.0,-454.0,254.0,0.0,120.0,-37.0,207.0,-151.0,169.0,0.0,0.0,0.0,-601.0,-118.0,-241.0,-227.0,113.0,-276.0,89.0,0.0,-409.0,-193.0,824.0,21.0,326.0,147.0,123.0,-364.0,1119.0,234.0,208.0,-902.0,-3437.0,-192.0,-29.0,-44.0,-282.0,-182.0,0.0,310.0,-246.0,262.0,199.0,7446.0,331.0,504.0,50.0,2388.0,126.0,1279.0,-18.0,-140.0
ACONITICACID-trans-3TMS-1,2528.0,672.0,6047.0,-1415.0,-2939.0,138.0,-1682.0,-2300.0,-824.0,14.0,-422.0,617.0,-336.0,-2194.0,816.0,1620.0,1653.0,1023.0,-3657.0,-2254.0,-239.0,800.0,-1919.0,-3466.0,2701.0,2737.0,-466.0,1747.0,-3704.0,-4230.0,1149.0,-1715.0,-3093.0,-1158.0,317.0,97.0,1030.0,1358.0,986.0,2256.0,738.0,850.0,-229.0,1469.0,2352.0,1007.0,3460.0,808.0,-892.0,135.0,-2025.0,-445.0,1388.0,-27.0,2099.0,5252.0,587.0,207.0,-3291.0,-1404.0,668.0,4328.0,-1742.0,-1566.0,2186.0,1603.0,-1059.0,-2514.0,2430.0,-2234.0,1428.0,1060.0,-1114.0,-1623.0,-514.0,-655.0,649.0,3496.0,2498.0,3895.0,2108.0,3675.0,1350.0,949.0,2258.0,-2373.0,-1781.0,-2483.0,1810.0,5489.0,-552.0,-527.0,1656.0,2440.0,-1520.0,3468.0,1421.0,-1730.0,3853.0,-8286.0,-1919.0,-763.0
ADENOSINE-5-MONOPHOSPHATE-5TMS-1-M/z230,161.0,-520.0,-204.0,56.0,669.0,279.0,170.0,100.0,165.0,-17.0,-125.0,20.0,349.0,-71.0,-189.0,-48.0,-273.0,-154.0,-612.0,95.0,-248.0,-34.0,-168.0,235.0,-46.0,-6.0,-416.0,243.0,-7.0,-161.0,-649.0,-103.0,341.0,73.0,-167.0,-667.0,113.0,-127.0,-646.0,30.0,28.0,-66.0,-321.0,-127.0,440.0,42.0,-142.0,41.0,220.0,208.0,-117.0,-145.0,-88.0,-64.0,117.0,464.0,34.0,-69.0,471.0,-219.0,31.0,-418.0,110.0,-41.0,-205.0,61.0,-211.0,-88.0,101.0,-640.0,-275.0,-23.0,-113.0,84.0,60.0,377.0,-85.0,102.0,43.0,-80.0,-71.0,-183.0,179.0,24.0,163.0,172.0,-178.0,117.0,5.0,-152.0,243.0,215.0,-29.0,257.0,618.0,178.0,65.0,28.0,125.0,-41.0,106.0,-40.0
ALANINE-N-O-TMS-1-M/z192,-6099.0,-1189.0,-3485.0,552.0,-6939.0,-599.0,8199.0,5467.0,-1008.0,-4462.0,-7932.0,4369.0,-124.0,299.0,-3857.0,2790.0,-2013.0,774.0,-1829.0,2341.0,71.0,-4820.0,1751.0,-1819.0,4705.0,2533.0,-645.0,19.0,-11405.0,-4771.0,521.0,1039.0,-1220.0,-5122.0,-4564.0,3939.0,2249.0,-3407.0,-127.0,-591.0,4478.0,6476.0,2689.0,7862.0,-2680.0,1115.0,2224.0,-533.0,1175.0,-3808.0,1115.0,-3806.0,-3362.0,2930.0,1025.0,7859.0,-4807.0,-6672.0,-4160.0,-1200.0,3232.0,-3093.0,3195.0,-3192.0,1275.0,4890.0,-2328.0,-221.0,-1859.0,-92.0,-2195.0,-6357.0,-3612.0,491.0,-3562.0,-4300.0,-1201.0,-1229.0,2046.0,-861.0,-3334.0,616.0,-3191.0,506.0,-11920.0,-1774.0,3814.0,1054.0,-6536.0,-10956.0,-1563.0,4195.0,-4089.0,-4244.0,-52.0,6354.0,1985.0,-5879.0,5854.0,-4728.0,6484.0,-4909.0
ALPHA-TOCOPHEROL-TMS-1-M/z504,743.0,-464.0,318.0,-1293.0,-1081.0,-990.0,-1304.0,-697.0,-995.0,-721.0,-192.0,1378.0,-368.0,-2080.0,-1095.0,-928.0,55.0,602.0,-1688.0,-3180.0,-641.0,880.0,-680.0,960.0,-1132.0,-1148.0,-823.0,-8.0,128.0,426.0,-139.0,-939.0,763.0,45.0,-359.0,434.0,-497.0,167.0,-848.0,-132.0,623.0,220.0,-293.0,-373.0,-304.0,403.0,-656.0,-405.0,10.0,-944.0,39.0,254.0,688.0,-346.0,410.0,-17.0,730.0,-2003.0,1410.0,-528.0,-697.0,-169.0,-436.0,1319.0,72.0,-691.0,-346.0,643.0,275.0,-3678.0,-1544.0,-34.0,-378.0,-461.0,284.0,226.0,-943.0,-148.0,-835.0,-584.0,-557.0,-102.0,-1016.0,312.0,71.0,-170.0,-1419.0,155.0,-1303.0,50.0,-830.0,-560.0,57.0,-568.0,-519.0,-573.0,-124.0,-573.0,-194.0,-121.0,-250.0,200.0
ASPARAGINE-N-N-O-TMS-1-M/z231,-73.0,157.0,1565.0,498.0,-3331.0,2494.0,-2221.0,1847.0,6426.0,-306.0,931.0,1541.0,-754.0,928.0,133.0,3080.0,-388.0,1882.0,318.0,1434.0,559.0,-744.0,5843.0,1652.0,14388.0,2003.0,-1918.0,1862.0,-13183.0,-7327.0,941.0,1651.0,-327.0,-433.0,-137.0,31.0,-231.0,-1343.0,1158.0,-1275.0,3681.0,3614.0,2273.0,1437.0,856.0,1818.0,3628.0,3785.0,-995.0,4535.0,-1060.0,-1962.0,-343.0,1450.0,478.0,6293.0,-5165.0,-2142.0,-524.0,804.0,4979.0,1387.0,1970.0,-1041.0,3316.0,2592.0,2018.0,1626.0,608.0,2143.0,-1018.0,-5293.0,-42.0,1545.0,2851.0,1128.0,-1141.0,-1948.0,1639.0,-2867.0,-1466.0,2610.0,314.0,1984.0,-1995.0,1157.0,4818.0,2467.0,-4001.0,-4095.0,-1183.0,431.0,-8669.0,-1173.0,111.0,3533.0,2306.0,-2314.0,2553.0,3298.0,10907.0,-2761.0
BENZOICACID-TMS-1,956.0,-1780.0,-24.0,-1028.0,-10157.0,3919.0,-3595.0,3417.0,1752.0,-3005.0,-1093.0,-4548.0,-840.0,381.0,395.0,-830.0,-706.0,-121.0,304.0,-1413.0,-364.0,-894.0,-2240.0,2460.0,-1626.0,-1895.0,-696.0,215.0,-2768.0,-437.0,-2462.0,-1081.0,-640.0,-470.0,323.0,438.0,4303.0,655.0,426.0,-644.0,203.0,136.0,2047.0,-418.0,1131.0,1741.0,76.0,1544.0,-882.0,243.0,450.0,-649.0,-190.0,397.0,-125.0,-2391.0,1180.0,2637.0,-2598.0,-400.0,-749.0,2012.0,-1318.0,1669.0,4117.0,-360.0,4581.0,-1392.0,487.0,-2968.0,1162.0,6346.0,878.0,666.0,-493.0,35.0,904.0,-1629.0,-1642.0,18.0,2877.0,2011.0,2405.0,-374.0,3037.0,-505.0,-1076.0,838.0,-2836.0,1036.0,-2143.0,-2864.0,-391.0,-6138.0,509.0,281.0,-1774.0,-1240.0,-186.0,-909.0,-2737.0,-662.0
BETA-ALANINE-N-N-O-TMS-1-M/z304,-515.0,-146.0,996.0,94.0,128.0,558.0,519.0,-301.0,145.0,0.0,171.0,1.0,-280.0,289.0,347.0,50.0,-279.0,-514.0,-376.0,101.0,-2.0,96.0,146.0,-40.0,409.0,-78.0,-553.0,328.0,123.0,13.0,689.0,137.0,211.0,302.0,0.0,0.0,217.0,-33.0,-392.0,172.0,68.0,-438.0,360.0,138.0,546.0,896.0,51.0,-451.0,162.0,481.0,-96.0,190.0,-48.0,-47.0,-70.0,231.0,-425.0,318.0,408.0,182.0,-83.0,19.0,-96.0,193.0,-35.0,77.0,-199.0,-55.0,154.0,1693.0,228.0,34.0,7.0,137.0,276.0,103.0,-458.0,90.0,437.0,-102.0,204.0,-253.0,-312.0,-143.0,129.0,-64.0,3.0,397.0,-240.0,-33.0,137.0,-280.0,47.0,170.0,-551.0,-26.0,274.0,275.0,453.0,-183.0,125.0,-398.0
BETA-ALANINE-N-O-TMS-1-M/z218,-696.0,354.0,2799.0,159.0,-162.0,247.0,389.0,-67.0,1641.0,639.0,97.0,443.0,126.0,510.0,49.0,-401.0,-74.0,-362.0,245.0,-671.0,168.0,2.0,-8.0,1325.0,3132.0,-199.0,674.0,-241.0,-176.0,-1808.0,31.0,-144.0,-18.0,2971.0,-358.0,22.0,-46.0,319.0,264.0,88.0,-67.0,-1.0,1494.0,-706.0,104.0,2787.0,559.0,205.0,90.0,-434.0,-423.0,723.0,-14.0,197.0,75.0,2706.0,6.0,2660.0,-325.0,-11.0,-428.0,386.0,-459.0,70.0,1643.0,466.0,604.0,427.0,156.0,650.0,-139.0,847.0,-7.0,326.0,1953.0,219.0,-396.0,312.0,423.0,73.0,-47.0,-46.0,47.0,214.0,-109.0,32.0,-403.0,-122.0,80.0,-142.0,124.0,323.0,-50.0,-72.0,540.0,-429.0,-209.0,54.0,1301.0,339.0,-69.0,-305.0
CELLOBIOSE-MEOX8TMS_2-1-M/z361,487.0,-1701.0,-352.0,-1576.0,-433.0,-470.0,-1460.0,-2164.0,-2607.0,-1582.0,703.0,2797.0,-171.0,-957.0,-843.0,-947.0,-158.0,406.0,924.0,818.0,-604.0,-399.0,486.0,589.0,501.0,731.0,-46.0,-162.0,-777.0,-4637.0,-553.0,304.0,-1450.0,-219.0,1171.0,-1213.0,-698.0,831.0,4131.0,1459.0,716.0,-579.0,-2205.0,-10.0,410.0,-653.0,-9.0,-205.0,87.0,716.0,925.0,-1798.0,517.0,703.0,-726.0,615.0,-1678.0,-36.0,-975.0,-752.0,-454.0,103.0,739.0,-878.0,224.0,840.0,-1641.0,359.0,-569.0,-98.0,39.0,-559.0,-131.0,-1092.0,186.0,-2573.0,54.0,215.0,2911.0,-1070.0,-1028.0,-741.0,254.0,-82.0,-1167.0,251.0,-1173.0,-173.0,-783.0,-810.0,738.0,353.0,1707.0,-316.0,-396.0,-176.0,-139.0,391.0,1380.0,-255.0,-427.0,874.0
CHOLESTEROL-TMS-1-M/z247,-10307.0,10487.0,12297.0,16381.0,-20543.0,-11530.0,-16217.0,-9352.0,-18726.0,-5363.0,6052.0,1797.0,-4066.0,-22596.0,-19456.0,-11532.0,1491.0,-23563.0,746.0,-29667.0,-15435.0,6844.0,-2515.0,6343.0,-12287.0,-10770.0,-22875.0,-1287.0,1068.0,3125.0,-10216.0,-3830.0,-1226.0,7027.0,4950.0,-10622.0,-25542.0,-1639.0,-22636.0,15800.0,884.0,10207.0,-6666.0,-12987.0,-20496.0,8573.0,16617.0,-937.0,-12747.0,-20843.0,9250.0,-3852.0,2283.0,-35255.0,1565.0,1608.0,8937.0,-14480.0,4290.0,-2802.0,722.0,5055.0,-17268.0,4483.0,1890.0,-8937.0,1812.0,-5072.0,5618.0,-47032.0,-9857.0,200.0,-1056.0,-4002.0,-8814.0,-17391.0,2642.0,-13469.0,-6020.0,2709.0,-10169.0,-2686.0,-5619.0,-8608.0,-4959.0,-1126.0,-5414.0,-11.0,-4769.0,-12342.0,-14919.0,-5507.0,-5240.0,-8775.0,-323.0,-1743.0,-1502.0,-1564.0,-7466.0,-1881.0,2540.0,-17899.0
CITRICACID-4TMS-1-M/z465,657.0,707.0,2083.0,-1022.0,-3486.0,504.0,-1044.0,-5079.0,-638.0,-984.0,-428.0,7135.0,-2786.0,1659.0,-5455.0,358.0,-1517.0,464.0,-4496.0,-375.0,-1000.0,-699.0,2739.0,-5579.0,-891.0,3643.0,-916.0,-69.0,-2021.0,-266.0,-181.0,-2313.0,-1051.0,-2005.0,1521.0,356.0,3581.0,-3567.0,-825.0,2007.0,849.0,-339.0,768.0,2241.0,-2756.0,-213.0,1618.0,-41.0,1038.0,6638.0,-2574.0,-2451.0,-3853.0,-196.0,-4403.0,3413.0,1564.0,3246.0,-1135.0,-1045.0,-616.0,1498.0,103.0,-1389.0,1554.0,-2150.0,1441.0,-488.0,1314.0,-2144.0,-3416.0,2079.0,-3514.0,-3844.0,2199.0,-1372.0,1407.0,-546.0,-84.0,-652.0,751.0,70.0,-1737.0,-156.0,-1400.0,-791.0,-3590.0,-1056.0,-1325.0,-2641.0,1335.0,-454.0,12.0,1850.0,-2157.0,5023.0,3149.0,-4316.0,1106.0,1086.0,267.0,-3231.0
CITRULLINE-3TMS_1(Ornthine)-1,36105.0,-8366.0,-11978.0,42634.0,-50403.0,24368.0,18618.0,10195.0,123619.0,-18234.0,21685.0,25444.0,-29235.0,17852.0,19908.0,44618.0,-11166.0,38820.0,13445.0,16063.0,15906.0,29931.0,80180.0,22653.0,447204.0,-14963.0,-21130.0,37044.0,-263910.0,-93495.0,6745.0,69186.0,27950.0,127314.0,7140.0,-6389.0,-38820.0,-31552.0,13570.0,-24990.0,19989.0,39838.0,39032.0,-4019.0,21112.0,89497.0,30937.0,39747.0,-7482.0,-13064.0,-11343.0,-16332.0,96359.0,24929.0,23732.0,78995.0,-89641.0,-37875.0,-32663.0,13089.0,27767.0,24176.0,-5232.0,5028.0,12695.0,45447.0,24949.0,28806.0,16954.0,86335.0,6739.0,8988.0,12505.0,34826.0,50501.0,1681.0,-14436.0,2720.0,5195.0,-41310.0,-34149.0,65506.0,-9409.0,44273.0,9328.0,19938.0,75619.0,46039.0,-225069.0,9381.0,-10967.0,7296.0,-40043.0,19179.0,-2027.0,14541.0,15686.0,1600.0,27667.0,-15533.0,89222.0,-22598.0
CREATININE-3TMS-1-M/z329,-2303.0,1810.0,358.0,443.0,429.0,1400.0,1773.0,-3740.0,3067.0,2011.0,-656.0,-2316.0,-1063.0,4194.0,-4582.0,-2170.0,40.0,1465.0,-2519.0,-6586.0,1466.0,-1293.0,-1282.0,3117.0,10543.0,-2585.0,-3895.0,-7594.0,-6655.0,-17344.0,5288.0,-3348.0,228.0,2291.0,1132.0,-3899.0,-508.0,4631.0,7241.0,2866.0,6403.0,-1556.0,594.0,-5748.0,8120.0,9277.0,2385.0,-2860.0,-3294.0,4661.0,-7735.0,1823.0,5056.0,1312.0,2474.0,17.0,-4797.0,2733.0,-6388.0,-3874.0,5040.0,1733.0,-251.0,-199.0,13278.0,1511.0,9185.0,4636.0,1219.0,7749.0,-856.0,3286.0,4051.0,-1871.0,-893.0,213.0,1823.0,3132.0,-3225.0,1123.0,6279.0,941.0,1346.0,3075.0,-783.0,-1725.0,-3290.0,5596.0,-5074.0,-677.0,-1783.0,1493.0,2492.0,-4104.0,-7897.0,119.0,285.0,-264.0,4208.0,-3467.0,3163.0,-56.0
CYSTEINE-N-O-S-TMS-1-M/z218,-4122.0,-3185.0,-2297.0,1469.0,-22241.0,-1238.0,9957.0,-2225.0,18286.0,-954.0,-1442.0,-420.0,-4498.0,-6953.0,-6949.0,6217.0,-2597.0,5525.0,-5005.0,8008.0,-8188.0,-6920.0,10601.0,10594.0,16532.0,3600.0,-7302.0,-7281.0,-26384.0,-10372.0,14321.0,4104.0,-433.0,3295.0,1357.0,-3484.0,4915.0,-5158.0,2017.0,-7108.0,12432.0,2206.0,6390.0,-20.0,-765.0,12659.0,-4569.0,-1431.0,-693.0,-1727.0,-2840.0,-6008.0,-2905.0,239.0,7799.0,-1173.0,-10649.0,-6417.0,-17780.0,3448.0,-1114.0,2913.0,6274.0,-1284.0,10636.0,2918.0,14873.0,1317.0,-2993.0,-8905.0,2688.0,12527.0,-3361.0,5436.0,27043.0,-1955.0,2912.0,-3103.0,-9251.0,-1956.0,10045.0,7752.0,15470.0,-1330.0,-16482.0,1025.0,-2778.0,16569.0,-20192.0,-4158.0,-21193.0,1211.0,5411.0,-4754.0,-6972.0,2015.0,393.0,-12602.0,-1646.0,6321.0,3300.0,858.0
CYSTINE-N-N-O-O-TMS-1-M/z297,-271.0,1247.0,-816.0,524.0,-2658.0,-3.0,-236.0,461.0,659.0,-254.0,-130.0,433.0,-674.0,-475.0,-3.0,540.0,-859.0,273.0,1230.0,1230.0,-767.0,-451.0,-20.0,1181.0,1517.0,-468.0,-1679.0,275.0,-871.0,-1189.0,-212.0,433.0,349.0,649.0,121.0,27.0,-438.0,278.0,-189.0,979.0,545.0,70.0,420.0,-489.0,-742.0,-1314.0,-152.0,761.0,96.0,-366.0,543.0,-481.0,-922.0,595.0,282.0,23.0,-469.0,-686.0,-53.0,-478.0,355.0,-91.0,-442.0,489.0,-505.0,697.0,-174.0,115.0,601.0,-346.0,-896.0,-383.0,-115.0,320.0,-604.0,-74.0,555.0,-199.0,-1165.0,595.0,565.0,660.0,203.0,502.0,152.0,-502.0,429.0,441.0,-1016.0,-87.0,-324.0,236.0,539.0,-476.0,194.0,406.0,372.0,1440.0,-268.0,307.0,-208.0,-425.0
DODECANOIC-ACID-TMS-1-M/z257,3701.0,5342.0,-381.0,-922.0,-2562.0,450.0,-378.0,-2394.0,-7076.0,-814.0,-1652.0,659.0,2216.0,-304.0,164.0,-852.0,231.0,-986.0,2878.0,-1329.0,-79.0,3209.0,4636.0,4989.0,-96.0,-2534.0,-1258.0,-20.0,7693.0,4359.0,1267.0,415.0,281.0,-1081.0,-548.0,-2256.0,2371.0,-1451.0,4.0,-67.0,1327.0,-667.0,436.0,3143.0,-1997.0,-3833.0,217.0,10472.0,-2699.0,1156.0,-1397.0,-101.0,1204.0,1149.0,285.0,-1066.0,4028.0,615.0,-2332.0,2581.0,-1629.0,-1156.0,-3166.0,-321.0,-950.0,-976.0,1879.0,-1401.0,-1896.0,-1038.0,3158.0,-122.0,-919.0,-10755.0,9210.0,-2346.0,1504.0,207.0,-2309.0,-1737.0,-588.0,-132.0,-949.0,671.0,878.0,-1306.0,-1397.0,1909.0,28553.0,-2126.0,1133.0,-780.0,305.0,-628.0,5283.0,-432.0,8125.0,11060.0,-377.0,482.0,-7240.0,-648.0
ERYTHRITOL-4TMS-1-M/z277,76.0,381.0,-549.0,437.0,-279.0,-350.0,226.0,-388.0,-252.0,50.0,193.0,-532.0,301.0,-62.0,-1.0,-21.0,-262.0,263.0,162.0,-515.0,-68.0,223.0,51.0,41.0,421.0,61.0,254.0,-140.0,-56.0,246.0,91.0,-223.0,-1618.0,194.0,107.0,248.0,154.0,190.0,-315.0,288.0,-117.0,398.0,86.0,43.0,-337.0,33.0,-93.0,-206.0,-741.0,375.0,-260.0,-69.0,260.0,-303.0,-14.0,-341.0,248.0,-223.0,-221.0,607.0,-588.0,-224.0,68.0,44.0,134.0,49.0,51.0,127.0,144.0,-122.0,-245.0,-65.0,8.0,60.0,-34.0,-8.0,-1685.0,-320.0,-803.0,-12.0,-172.0,198.0,103.0,296.0,-33.0,-371.0,-208.0,27.0,135.0,-443.0,55.0,225.0,-199.0,561.0,11.0,-77.0,-27.0,-93.0,-12870.0,-208.0,258.0,18.0
FRUCTOSE-MEOX5TMS_1-1-M/z366,-31.0,444.0,107.0,104.0,205.0,177.0,4102.0,-33.0,-123.0,748.0,-2823.0,296.0,-423.0,205.0,-4140.0,2183.0,199.0,-4916.0,-2878.0,-483.0,423.0,-2649.0,-192.0,-4428.0,-32.0,-1038.0,9997.0,335.0,-798.0,171.0,-535.0,-201.0,2063.0,-1031.0,414.0,477.0,110.0,-31.0,272.0,87.0,129.0,1107.0,-711.0,224.0,-4588.0,-296.0,632.0,-1569.0,1766.0,983.0,2300.0,-113.0,457.0,-378.0,-3182.0,123.0,480.0,-440.0,3326.0,3453.0,192.0,-852.0,1633.0,-1359.0,-993.0,196.0,-303.0,135.0,421.0,-69.0,646.0,2052.0,99.0,413.0,-110.0,246.0,393.0,-75.0,-236.0,2771.0,188.0,-94.0,-3767.0,516.0,-2299.0,-268.0,31.0,385.0,161.0,-1097.0,-72.0,2410.0,174.0,-53.0,276.0,1294.0,329.0,-40.0,2168.0,3114.0,1251.0,-932.0
FUMARICACID-2TMS-1-M/z246,923.0,519.0,496.0,-16.0,-167.0,-636.0,14.0,-472.0,-385.0,-817.0,94.0,1246.0,84.0,198.0,236.0,1296.0,59.0,593.0,503.0,-626.0,-226.0,-150.0,615.0,145.0,-1071.0,-296.0,496.0,203.0,-760.0,1307.0,-515.0,105.0,-275.0,-469.0,-16.0,384.0,9.0,-1434.0,-884.0,-1361.0,-853.0,467.0,231.0,813.0,-865.0,-1305.0,-21.0,1112.0,1059.0,-82.0,1065.0,-942.0,-1143.0,131.0,-761.0,-163.0,343.0,-597.0,1006.0,300.0,-1344.0,5.0,-188.0,-509.0,-911.0,309.0,387.0,-827.0,-330.0,-840.0,183.0,255.0,-652.0,-463.0,284.0,312.0,-184.0,-738.0,978.0,-2140.0,-647.0,436.0,-73.0,-427.0,59.0,233.0,862.0,40.0,-191.0,569.0,210.0,-79.0,-1128.0,-82.0,-270.0,253.0,-23.0,-260.0,265.0,1372.0,165.0,-384.0
GALACTURONICACID-MEOX5TMS_2-1-M/z334,105.0,-176.0,-432.0,-27.0,-268.0,459.0,406.0,464.0,133.0,146.0,-642.0,399.0,216.0,-885.0,-1098.0,-415.0,-222.0,-1141.0,662.0,-1420.0,243.0,-584.0,-40.0,90.0,-245.0,1660.0,218.0,111.0,-778.0,-403.0,-21.0,-444.0,612.0,-52.0,317.0,702.0,683.0,-58.0,147.0,-396.0,-110.0,191.0,112.0,78.0,-170.0,1.0,333.0,1100.0,354.0,-756.0,383.0,-165.0,68.0,-519.0,266.0,117.0,99.0,-627.0,-191.0,175.0,-155.0,-17.0,-438.0,-47.0,-494.0,1217.0,-401.0,-17.0,-1.0,53.0,-96.0,2.0,110.0,183.0,533.0,-228.0,-1044.0,681.0,-934.0,-297.0,202.0,242.0,-266.0,903.0,-372.0,-379.0,-88.0,-82.0,577.0,-70.0,-112.0,1.0,-6.0,485.0,-98.9,53.0,-98.0,-119.0,344.0,88.0,-280.0,-482.0
GAMMA-TOCOPHEROL-TMS-1,-1739.0,2811.0,-353.0,-8887.0,1469.0,-1752.0,4636.0,2369.0,-2411.0,325.0,-347.0,6010.0,-4763.0,415.0,-487.0,782.0,-534.0,2379.0,410.0,-2763.0,781.0,-938.0,-1559.0,2168.0,-336.0,-5694.0,268.0,-391.0,542.0,1970.0,969.0,-2012.0,-1062.0,411.0,-1393.0,-1343.0,4916.0,-1637.0,-379.0,4487.0,1130.0,33.0,670.0,-552.0,-1170.0,-993.0,-450.0,-1924.0,-1629.0,-1591.0,399.0,79.0,-400.0,-1889.0,-2044.0,-1296.0,662.0,-225.0,-538.0,1563.0,-1172.0,2508.0,186.0,-1239.0,52.0,-1767.0,-1978.0,-4.0,-2048.0,-1622.0,14.0,-2217.0,-514.0,2341.0,672.0,-3633.0,1171.0,-863.0,-950.0,-2996.0,170.0,1324.0,294.0,-938.0,84.0,262.0,1164.0,-809.0,1217.0,-236.0,1886.0,508.0,143.0,-1363.0,-129.0,373.0,-475.0,-1359.0,2066.0,2074.0,-1446.0,-1918.0
GLUCURONICACID-MEOX5TMS_2-1-M/z334,111.0,-182.0,-431.0,-30.0,-265.0,461.0,406.0,459.0,148.0,148.0,-642.0,383.0,218.0,-899.0,-1097.0,-415.0,-214.0,-1152.0,657.0,-1398.0,226.0,-580.0,-39.0,97.0,-245.0,1658.0,224.0,121.0,-783.0,-406.0,-12.0,-438.0,598.0,-49.0,310.0,705.0,680.0,-59.0,140.0,-393.0,-106.0,192.0,115.0,79.0,-176.0,-4.0,325.0,1104.0,350.0,-758.0,382.0,-165.0,66.0,-519.0,266.0,115.0,101.0,-627.0,-193.0,175.0,-150.0,-17.0,-457.0,-47.0,-493.0,1225.0,-411.0,-16.0,-3.0,54.0,-91.0,0.0,105.0,177.0,530.0,-227.0,-1037.0,686.0,-941.0,-295.0,200.0,247.0,-260.0,908.0,-372.0,-380.0,-86.0,-75.0,577.0,-71.0,-111.0,5.0,-8.0,485.0,-96.0,54.0,-100.0,-122.0,347.0,88.0,-281.0,-474.0
GLUTAMINE-N-N-O-TMS_1-1-M/z347,2273.0,378.0,350.0,1295.0,-4304.0,262.0,442.0,-6948.0,-152.0,-437.0,1136.0,7552.0,-3086.0,668.0,3895.0,170.0,1018.0,1411.0,-209.0,1931.0,-297.0,648.0,-792.0,1135.0,4476.0,-5163.0,-1491.0,1067.0,10352.0,314.0,231.0,194.0,892.0,-1632.0,105.0,-1001.0,-1450.0,248.0,767.0,1229.0,1202.0,314.0,1345.0,1010.0,-665.0,-885.0,-477.0,-619.0,-562.0,-58.0,-27.0,97.0,-628.0,1573.0,4311.0,2625.0,-1506.0,-2525.0,553.0,1336.0,1373.0,41.0,133.0,-277.0,1277.0,855.0,-49.0,2068.0,830.0,-780.0,-1253.0,133.0,1435.0,-408.0,738.0,978.0,-687.0,-1038.0,2042.0,2713.0,56.0,1389.0,-297.0,4263.0,-2339.0,-555.0,2707.0,613.0,1294.0,-1814.0,-1500.0,-644.0,-78.0,1380.0,-135.0,983.0,1875.0,4503.0,-1312.0,-94.0,-485.0,-367.0
GLYCERICACID-3TMS-1-M/z307,-927.0,1052.0,-1047.0,-115.0,445.0,16.0,-671.0,-378.0,254.0,-79.0,-981.0,850.0,-206.0,-585.0,-827.0,-193.0,-625.0,189.0,-103.0,-207.0,154.0,614.0,47.0,422.0,-50.0,-742.0,122.0,833.0,264.0,-716.0,-956.0,-71.0,591.0,213.0,-436.0,192.0,212.0,749.0,811.0,303.0,-1818.0,718.0,-442.0,-598.0,-936.0,-613.0,359.0,367.0,86.0,-558.0,-142.0,-755.0,686.0,23.0,-616.0,262.0,998.0,-37.0,500.0,221.0,-399.0,-1.0,216.0,-212.0,151.0,278.0,439.0,182.0,-53.0,-234.0,-677.0,349.0,-565.0,-604.0,566.0,-379.0,-443.0,1084.0,1336.0,655.0,-224.0,-62.0,170.0,-73.0,4.0,-364.0,1155.0,-56.0,109.0,179.0,420.0,-58.0,66.0,6.0,-427.0,320.0,537.0,237.0,431.0,-21.0,1059.0,-413.0
GLYCINE-N-N-O-TMS-1-M/z246,-3514.0,-1483.0,-987.0,-816.0,924.0,-1088.0,187.0,-305.0,1608.0,2202.0,-3441.0,-2568.0,-568.0,-1818.0,1287.0,-1202.0,-1369.0,-371.0,1849.0,1986.0,909.0,-452.0,2216.0,1781.0,3653.0,-1270.0,-2926.0,431.0,-1444.0,-2075.0,687.0,2508.0,835.0,446.0,-529.0,1321.0,294.0,-1608.0,960.0,-620.0,1559.0,2958.0,-87.0,865.0,1394.0,-604.0,872.0,686.0,-1036.0,-2334.0,175.0,-2532.0,-7022.0,1882.0,1152.0,1548.0,-683.0,-817.0,-1432.0,558.0,-842.0,777.0,3563.0,-1038.0,-158.0,1170.0,-492.0,1538.0,1532.0,-44.0,-685.0,-1621.0,1088.0,1405.0,-1037.0,1365.0,140.0,843.0,14.0,-5033.0,-114.0,2641.0,-673.0,831.0,-4820.0,-428.0,1168.0,852.0,-3274.0,-2894.0,337.0,9.0,-845.0,-911.0,-2689.0,2085.0,979.0,-1616.0,817.0,-1017.0,1585.0,-493.0
HEPTADECANOICACID-TMS-1-M/z132,1538.0,1590.0,-426.0,-2693.0,-2368.0,433.0,238.0,-209.0,-903.0,470.0,-376.0,1344.0,1042.0,-640.0,-552.0,366.0,223.0,854.0,1520.0,-462.0,788.0,348.0,2965.0,4484.0,-294.0,-1311.0,107.0,867.0,3371.0,2725.0,942.0,-442.0,27.0,397.0,406.0,-1396.0,1123.0,-571.0,-518.0,-261.0,-258.0,-254.0,257.0,262.0,-803.0,-4008.0,-584.0,1118.0,-1742.0,-840.0,-333.0,-847.0,1715.0,-1204.0,389.0,-1102.0,2534.0,-634.0,-1914.0,-470.0,-312.0,98.0,-2407.0,599.0,-322.0,-430.0,2376.0,-1351.0,-164.0,-1370.0,599.0,296.0,-794.0,-1960.0,1068.0,850.0,1145.0,284.0,-2670.0,-1150.0,1254.0,-647.0,2210.0,1472.0,487.0,-460.0,-1803.0,1716.0,307.0,520.0,363.0,-1100.0,767.0,-306.0,2935.0,-62.0,2373.0,5158.0,387.0,-25.0,-2133.0,-619.0
HEXADECANOICACID-TMS-1-M/z171,12350.0,8563.0,721.0,-7851.0,-10245.0,2627.0,-648.0,-1383.0,-3340.0,976.0,-2816.0,13701.0,11404.0,-7702.0,-1014.0,-208.0,2549.0,8870.0,9808.0,-6440.0,-2164.0,3083.0,5548.0,13677.0,-2490.0,-6405.0,-1140.0,2473.0,9476.0,9015.0,5571.0,-1244.0,-1359.0,2310.0,3005.0,-5415.0,9770.0,-5426.0,-2685.0,903.0,243.0,-3693.0,1209.0,1749.0,-4868.0,-21945.0,-2162.0,5801.0,-8065.0,-3363.0,-4055.0,-725.0,10440.0,346.0,1822.0,-6822.0,9458.0,-160.0,-9256.0,-539.0,-641.0,3329.0,-15769.0,2992.0,-774.0,49.0,9001.0,-6884.0,-5281.0,-12264.0,4287.0,871.0,-1591.0,-7429.0,3188.0,6703.0,4755.0,2967.0,-18049.0,-5298.0,2469.0,-5440.0,3827.0,1215.0,3265.0,-2183.0,-7317.0,2824.0,1794.0,1181.0,-1197.0,-5686.0,6842.0,-1916.0,18935.0,167.0,18166.0,11562.0,1119.0,1848.0,-6427.0,-7095.0
HYPOXANTHINE-2TMS-1-M/z282,3964.0,427.0,-2682.0,340.0,-923.0,-901.0,-1890.0,-582.0,-984.0,-852.0,804.0,3790.0,-644.0,-2085.0,702.0,1577.0,-441.0,341.0,-248.0,469.0,415.0,-522.0,-122.0,162.0,-163.0,-482.0,-311.0,594.0,4867.0,-206.0,-353.0,128.0,-580.0,-1348.0,-691.0,-802.0,753.0,139.0,1710.0,-1057.0,332.0,-63.0,-1106.0,419.0,-365.0,-172.0,-335.0,-991.0,-562.0,486.0,-750.0,-207.0,1201.0,-1289.0,-362.0,-954.0,-603.0,-155.0,-36.0,-768.0,-341.0,144.0,826.0,516.0,4449.0,-913.0,1955.0,771.0,-452.0,-631.0,-808.0,-1293.0,-862.0,-350.0,-510.0,218.0,230.0,146.0,5905.0,-591.0,114.0,-767.0,-179.0,477.0,-334.0,2814.0,478.0,-4.0,-822.0,271.0,-241.0,144.0,194.0,-1400.0,15.0,-253.0,-435.0,-289.0,4888.0,-186.0,256.0,314.0
INOSINE-4TMS-1-M/z217,36159.0,-1338.0,-10071.0,-3544.0,-3144.0,-6053.0,-2934.0,-2641.0,-4094.0,-3242.0,3633.0,63446.0,-1499.0,-7960.0,5970.0,7905.0,-1834.0,1812.0,-512.0,2141.0,-928.0,-388.0,413.0,359.0,127.0,-1803.0,-1305.0,2550.0,160251.0,-902.0,-1128.0,-507.0,-1397.0,-2111.0,-1898.0,-3720.0,3125.0,-500.0,463.0,-2438.0,3792.0,1114.0,-4583.0,362.0,371.0,-2340.0,-1147.0,-4517.0,-5022.0,501.0,-2489.0,-1710.0,1826.0,-9142.0,-173.0,-4300.0,-817.0,-320.0,-1254.0,-2547.0,499.0,-1636.0,265.0,-1061.0,85422.0,-9273.0,46017.0,-5485.0,211.0,-3352.0,806.0,-18667.0,-802.0,-1706.0,-2336.0,539.0,-914.0,-645.0,21408.0,1391.0,1139.0,-1075.0,38.0,-1802.0,-1400.0,61866.0,7114.0,997.0,-2286.0,-704.0,-636.0,5702.0,-340.0,-10393.0,1118.0,-2298.0,-2168.0,-853.0,45066.0,-320.0,-3134.0,987.0
INOSITOL-scyllo-6TMS-1-M/z432,-5323.0,207.0,505.0,-1622.0,-2411.0,-2414.0,2394.0,3206.0,670.0,100.0,856.0,-302.0,3763.0,2503.0,1617.0,-2023.0,604.0,324.0,586.0,1955.0,-1003.0,-650.0,-322.0,621.0,948.0,-1023.0,-1399.0,-60.0,-2043.0,1376.0,-2065.0,-1093.0,426.0,1197.0,-968.0,2800.0,1017.0,2590.0,1059.0,-4125.0,960.0,2736.0,-1009.0,-425.0,-2071.0,-1617.0,45.0,-43.0,116.0,646.0,-2123.0,1709.0,-272.0,2235.0,723.0,1454.0,-387.0,219.0,-984.0,2026.0,-323.0,687.0,136.0,-201.0,3221.0,-35.0,4584.0,11.0,2307.0,-2394.0,-984.0,791.0,-2442.0,-950.0,-1380.0,-2814.0,-31.0,-798.0,1770.0,3591.0,844.0,1376.0,-545.0,83.0,2485.0,-4421.0,-85.0,887.0,1786.0,-35.0,1164.0,-1546.0,949.0,-326.0,-1312.0,1478.0,-2146.0,-542.0,47.0,-782.0,1550.0,-1717.0
ISOCITRICACID-4TMS-1-M/z466,286.0,452.0,1014.0,-772.0,-2289.0,-55.0,-393.0,-2677.0,-1206.0,-969.0,258.0,5584.0,-1585.0,560.0,-3567.0,337.0,-143.0,419.0,-2799.0,-196.0,-827.0,152.0,1234.0,-2913.0,-183.0,1776.0,-186.0,-500.0,-1026.0,-191.0,-124.0,-1837.0,-366.0,-1225.0,1013.0,-427.0,1573.0,-2000.0,-1048.0,912.0,442.0,-267.0,-826.0,1101.0,-1636.0,-263.0,1324.0,-247.0,10.0,3809.0,-1358.0,-1548.0,-1379.0,365.0,-2315.0,1787.0,644.0,2461.0,-622.0,-655.0,208.0,855.0,322.0,-994.0,726.0,-42.0,613.0,-666.0,149.0,-1472.0,-1817.0,1119.0,-1489.0,-2277.0,764.0,-830.0,755.0,-364.0,-418.0,-143.0,469.0,294.0,-977.0,54.0,-753.0,-163.0,-2150.0,-242.0,-590.0,-1243.0,853.0,-388.0,-45.0,1163.0,-906.0,2876.0,1586.0,-2097.0,737.0,548.0,-101.0,-2224.0
ISOERYTHRITOL-4TMS-1-M/z277,75.0,374.0,-547.0,436.0,-281.0,-347.0,226.0,-388.0,-252.0,47.0,188.0,-528.0,299.0,-57.0,-3.0,-18.0,-263.0,261.0,160.0,-518.0,-62.0,226.0,51.0,40.0,420.0,61.0,258.0,-139.0,-56.0,245.0,90.0,-223.0,-1618.0,194.0,108.0,249.0,155.0,187.0,-315.0,290.0,-117.0,397.0,87.0,43.0,-335.0,27.0,-88.0,-205.0,-746.0,378.0,-258.0,-67.0,262.0,-302.0,-12.0,-342.0,246.0,-221.0,-220.0,608.0,-585.0,-221.0,73.0,45.0,134.0,49.0,53.0,126.0,145.0,-124.0,-244.0,-63.0,8.0,60.0,-37.0,-9.0,-1690.0,-320.0,-806.0,-17.0,-171.0,196.0,106.0,301.0,-33.0,-374.0,-203.0,31.0,136.0,-444.0,56.0,224.0,-198.0,563.0,11.0,-79.0,-30.0,-95.0,-12858.0,-208.0,257.0,20.0
ISOLEUCINE-N-O-TMS-1-M/z233,-385.0,-364.0,3079.0,-809.0,2594.0,266.0,1213.0,-2852.0,6276.0,131.0,-22.0,1687.0,-32.0,317.0,-237.0,1939.0,-564.0,4003.0,1485.0,-1333.0,142.0,-1097.0,589.0,5539.0,11116.0,1188.0,-2288.0,-82.0,-6367.0,-6116.0,1670.0,-2826.0,-4298.0,6273.0,1886.0,191.0,-1964.0,-770.0,356.0,150.0,-669.0,4446.0,5214.0,3660.0,2625.0,8467.0,5748.0,4224.0,-368.0,1482.0,-1231.0,254.0,-870.0,-2702.0,-2358.0,3366.0,-1593.0,499.0,1754.0,3083.0,2799.0,3274.0,981.0,-1034.0,3847.0,2648.0,909.0,2282.0,3056.0,11527.0,3228.0,-4375.0,848.0,2397.0,-2847.0,-695.0,-5492.0,-1018.0,126.0,-1161.0,-1484.0,3619.0,3708.0,678.0,2662.0,3491.0,4277.0,1696.0,-914.0,-2809.0,-2792.0,4069.0,-4845.0,-405.0,-3483.0,2910.0,525.0,-2218.0,7256.0,3113.0,3665.0,443.0
LACTOSE-MEOX8TMS_1-1-M/z204,-2147.0,-756.0,-550.0,432.0,-128.0,785.0,-136.0,25.0,-186.0,-747.0,1483.0,8.0,-2194.0,510.0,-193.0,435.0,-468.0,390.0,536.0,31.0,959.0,-30.0,-217.0,-137.0,74.0,-809.0,-300.0,-398.0,484.0,-1828.0,-287.0,-880.0,600.0,-207.0,32.0,-320.0,-41.0,794.0,255.0,1074.0,28.0,-3245.0,-98.0,864.0,-133.0,-415.0,-60.0,267.0,-475.0,315.0,896.0,140.0,-907.0,102.0,-331.0,349.0,363.0,-31.0,1098.0,696.0,-366.0,-546.0,-416.0,-2400.0,-435.0,661.0,323.0,285.0,-162.0,-142.0,-65.0,250.0,-254.0,168.0,79.0,-474.0,-585.0,-1505.0,550.0,514.0,-488.0,-263.0,262.0,828.0,244.0,-699.0,1636.0,10.0,280.0,-781.0,-510.0,775.0,61.0,-141.0,1616.0,-186.0,22.0,600.0,-146.0,-186.0,439.0,-237.0
LAMINARIBIOSE-MEOX-8TMS_2-1-M/z361,3.0,-760.0,-401.0,-60.0,-301.0,-169.0,-8.0,-986.0,-112.0,-24.0,-98.0,116.0,-291.0,-216.0,360.0,-200.0,-111.0,411.0,44.0,-230.0,-197.0,-224.0,47.0,-84.0,-331.0,401.0,-68.0,40.0,-268.0,-843.0,-235.0,-70.0,-92.0,-254.0,285.0,72.0,-202.0,-209.0,1076.0,176.0,72.0,-428.0,-216.0,55.0,178.0,65.0,-109.0,-415.0,-194.0,-227.0,516.0,-759.0,-311.0,540.0,-111.0,-171.0,-338.0,-263.0,-976.0,-206.0,-642.0,214.0,92.0,-162.0,-65.0,441.0,-445.0,-797.0,-258.0,640.0,-500.0,-311.0,-54.0,-152.0,116.0,-784.0,-105.0,-216.0,570.0,-393.0,-153.0,-422.0,183.0,-237.0,-783.0,-87.0,25.0,154.0,-189.0,-88.0,381.0,50.0,518.0,-143.0,-122.0,-161.0,-372.0,102.0,151.0,88.0,17.0,-400.0
LAMINARIBIOSE-MEOX8TMS_1-1-M/z217,-1937.0,-944.0,-270.0,-2566.0,-260.0,52.0,-1075.0,-1423.0,-2438.0,-1944.0,-276.0,2153.0,-41.0,-585.0,-1557.0,-238.0,-226.0,328.0,1075.0,591.0,-786.0,-493.0,1334.0,782.0,942.0,1759.0,-1390.0,-51.0,-1252.0,-4625.0,-762.0,170.0,-276.0,-148.0,1247.0,-1087.0,-532.0,878.0,4904.0,924.0,543.0,-1668.0,-1801.0,-241.0,910.0,-161.0,285.0,-226.0,-9.0,-466.0,996.0,-330.0,608.0,402.0,-530.0,961.0,-1856.0,-287.0,-913.0,-1022.0,1495.0,-107.0,1095.0,-905.0,-470.0,926.0,-1607.0,-462.0,-195.0,398.0,389.0,-472.0,-364.0,-431.0,1058.0,-1431.0,-1654.0,860.0,1761.0,-617.0,-990.0,-595.0,111.0,-17.0,-384.0,181.0,-947.0,30.0,135.0,-1166.0,1065.0,418.0,1455.0,-190.0,-813.0,-11.0,-118.0,732.0,1549.0,-254.0,-1267.0,146.0
LEUCINE-N-O-TMS-1-M/z158,51910.0,-5314.0,95020.0,-54016.0,28817.0,91993.0,160784.0,-178026.0,478515.0,-109339.0,-226431.0,373683.0,-96726.0,-18700.0,-77243.0,202792.0,-99443.0,256129.0,168125.0,-28286.0,82676.0,-35189.0,34831.0,210772.0,478282.0,82766.0,47448.0,108538.0,-320773.0,-284083.0,128031.0,-46259.0,-350097.0,214997.0,121552.0,45529.0,-94574.0,20323.0,97675.0,-65835.0,28218.0,133623.0,347942.0,146417.0,86966.0,418161.0,328872.0,397734.0,-36295.0,255204.0,-4470.0,-31485.0,-136285.0,-134285.0,-137930.0,192961.0,-35864.0,-95068.0,-16536.0,62937.0,157575.0,249449.0,60595.0,-65640.0,155236.0,206388.0,-12041.0,49886.0,196198.0,769888.0,195983.0,-175750.0,72486.0,196294.0,-112906.0,5707.0,-262959.0,6963.0,161969.0,-96980.0,-6935.0,162273.0,226218.0,-80170.0,-9011.0,381965.0,199273.0,72501.0,-102760.0,-198062.0,-109851.0,234026.0,-261733.0,6177.0,-164465.0,236977.0,21538.0,-169966.0,250035.0,95911.0,181452.0,80764.0
LYSINE-N-N-N-O-TMS_2-1,-75090.0,210880.0,996224.0,99581.0,-53644.0,-235766.0,-268367.0,-403779.0,602081.0,-228761.0,82951.0,-111756.0,-234084.0,611466.0,405034.0,551560.0,-143241.0,259962.0,-7583.0,-309997.0,156142.0,57495.0,326900.0,635633.0,968699.0,-103127.0,-487018.0,388711.0,203783.0,-847801.0,-243862.0,-67185.0,-417372.0,845942.0,223887.0,-31263.0,-322153.0,-41940.0,61902.0,-68376.0,314575.0,106342.0,402975.0,154268.0,296933.0,502824.0,506103.0,558878.0,-176177.0,749573.0,-228757.0,-647377.0,-686980.0,312347.0,-324092.0,546672.0,-327936.0,830833.0,3259.0,-187949.0,479005.0,481770.0,-197546.0,38889.0,86257.0,279061.0,-47411.0,282976.0,607461.0,660902.0,-82320.0,-255304.0,79446.0,472903.0,-229744.0,207033.0,-338434.0,90065.0,11556.0,-325225.0,-83739.0,483687.0,439279.0,196414.0,275491.0,639707.0,846321.0,323225.0,-290102.0,-555752.0,-207112.0,192757.0,-584192.0,-134253.0,-372720.0,486528.0,-82697.0,-254833.0,291674.0,-66586.0,453319.0,-180369.0
LYSINE-N-N-O-TMS_1-1-M/z102,-148.0,-117.0,295.0,1160.0,-3926.0,1281.0,184.0,-578.0,2516.0,-210.0,63.0,632.0,229.0,386.0,-5.0,1162.0,-224.0,180.0,-64.0,2099.0,874.0,917.0,1500.0,931.0,2065.0,-55.0,-276.0,1968.0,-28059.0,-2123.0,469.0,2644.0,-27.0,582.0,-2022.0,-1208.0,-2606.0,-4.0,121.0,-1713.0,743.0,180.0,1326.0,-83.0,111.0,946.0,-378.0,-303.0,495.0,-120.0,45.0,108.0,15727.0,1510.0,-222.0,8401.0,-8191.0,-3794.0,-2010.0,160.0,2869.0,515.0,-875.0,386.0,1555.0,688.0,336.0,14.0,675.0,787.0,-913.0,-820.0,468.0,789.0,6064.0,618.0,11.0,-318.0,851.0,-336.0,-1079.0,184.0,56.0,637.0,352.0,503.0,4738.0,701.0,-35432.0,90.0,-1833.0,477.0,-9501.0,-931.0,-336.0,640.0,456.0,1119.0,242.0,-229.0,4240.0,-477.0
LYSINE-N-N-O-TMS_3-1,-1662.0,-198.0,3443.0,-2333.0,-1738.0,-1416.0,-1947.0,523.0,5100.0,-527.0,1972.0,4198.0,-1152.0,-1570.0,-3783.0,1314.0,-2548.0,136.0,2233.0,-448.0,2179.0,-1071.0,-3698.0,3063.0,19090.0,2113.0,1556.0,922.0,8250.0,-3367.0,2091.0,-3459.0,2078.0,24016.0,453.0,1764.0,-1652.0,-516.0,2657.0,-2518.0,1293.0,2728.0,87.0,633.0,674.0,6787.0,4886.0,3505.0,-1220.0,4625.0,974.0,-2577.0,-2283.0,2273.0,-1664.0,2068.0,-1559.0,268.0,-3339.0,-832.0,3044.0,1934.0,-1689.0,-399.0,2787.0,5473.0,1837.0,2805.0,16.0,7095.0,-698.0,-4852.0,-144.0,969.0,524.0,469.0,-5664.0,2736.0,900.0,-3597.0,281.0,262.0,1219.0,6208.0,-609.0,-90.0,1303.0,3150.0,476.0,-9962.0,-739.0,825.0,-6044.0,-1010.0,316.0,2005.0,-1016.0,-6924.0,13849.0,12586.0,1776.0,588.0
LYXOSE-MEOX4TMS_1-1-M/z104,7529.0,-221.0,-711.0,79.0,900.0,154.0,-2146.0,1726.0,-78.0,141.0,240.0,-468.0,276.0,99.0,-257.0,-161.0,34.0,-634.0,-252.0,39.0,-242.0,76.0,295.0,-416.0,106.0,55.0,-79.0,311.0,-318.0,-94.0,-4820.0,-22.0,243.0,-529.0,-45.0,4341.0,-10.0,-532.0,100.0,37.0,-2263.0,-81.0,140.0,-127.0,185.0,-34.0,916.0,-2554.0,369.0,21.0,91.0,-236.0,-266.0,86.0,-1995.0,651.0,-218.0,175.0,-10.0,1101.0,-336.0,-1012.0,-162.0,-1579.0,-78.0,165.0,989.0,113.0,71.0,-172.0,-1585.0,66.0,-228.0,-226.0,1754.0,279.0,113.0,-120.0,45.0,349.0,-1960.0,-74.0,-7157.0,260.0,122.0,-369.0,-244.0,1398.0,2348.0,-291.0,-177.0,14.0,-68.0,7.0,-26.0,-430.0,116.0,-326.0,-1870.0,-158.0,-1981.0,-920.0
MALICACID-3TMS-1-M/z245,284.0,35.0,855.0,-728.0,-552.0,-456.0,-745.0,-581.0,-316.0,-305.0,-151.0,2933.0,401.0,68.0,-1195.0,567.0,49.0,634.0,-336.0,-753.0,581.0,-425.0,-266.0,-1381.0,776.0,534.0,840.0,-27.0,-1161.0,-216.0,658.0,103.0,-270.0,-612.0,685.0,-730.0,351.0,-225.0,-112.0,160.0,466.0,182.0,336.0,437.0,-505.0,-178.0,-62.0,-160.0,180.0,-28.0,158.0,-58.0,-138.0,-26.0,-258.0,384.0,-24.0,-435.0,-238.0,1048.0,-855.0,312.0,129.0,-287.0,865.0,-284.0,388.0,144.0,-56.0,-298.0,-41.0,300.0,-339.0,-699.0,802.0,-228.0,543.0,-479.0,890.0,-136.0,82.0,-805.0,-494.0,85.0,-951.0,-312.0,-168.0,32.0,718.0,-29.0,-166.0,633.0,-178.0,149.0,-319.0,703.0,311.0,-793.0,1311.0,812.0,602.0,-131.0
MALTOSE-MEOX8TMS_1-1-M/z361,-953.0,-1925.0,-183.0,-1531.0,348.0,-786.0,-1423.0,-1806.0,-2100.0,-782.0,1336.0,2522.0,42.0,-1270.0,-1326.0,-943.0,-181.0,954.0,421.0,1015.0,-299.0,-490.0,582.0,282.0,414.0,1028.0,62.0,-4.0,-720.0,-4567.0,-266.0,48.0,-1324.0,-478.0,1467.0,-1222.0,-290.0,586.0,3909.0,1760.0,713.0,-84.0,-2238.0,-248.0,273.0,-234.0,-534.0,-16.0,-328.0,329.0,162.0,-1485.0,474.0,209.0,-648.0,391.0,-1658.0,266.0,-962.0,-963.0,-437.0,-147.0,806.0,-608.0,127.0,1044.0,-1672.0,63.0,-343.0,544.0,474.0,-446.0,-651.0,-735.0,-11.0,-2284.0,-335.0,465.0,3141.0,-937.0,-1305.0,-757.0,826.0,120.0,-710.0,189.0,-440.0,342.0,-822.0,-283.0,1167.0,444.0,1605.0,-270.0,-808.0,172.0,27.0,17.0,1395.0,-155.0,-197.0,1296.0
METHYLHISTIDINE-2TMS-1-M/z168,-241.0,0.0,6046.0,-337.0,-27.0,0.0,-367.0,654.0,10715.0,37.0,-1222.0,4301.0,-3928.0,743.0,1040.0,-2631.0,37.0,663.0,350.0,-492.0,-1118.0,0.0,-276.0,251.0,11449.0,-1967.0,-33.0,-119.0,122.0,-1102.0,-1134.0,2267.0,622.0,18679.0,-156.0,977.0,-2309.0,-327.0,-4094.0,-801.0,-242.0,96.0,4388.0,-321.0,-56.0,12271.0,3492.0,-490.0,186.0,2161.0,-1948.0,387.0,336.0,-370.0,191.0,2074.0,1420.0,4576.0,-126.0,-141.0,-361.0,1527.0,-89.0,242.0,5597.0,-122.0,961.0,1030.0,-1242.0,8890.0,-3293.0,2512.0,-491.0,-703.0,9258.0,0.0,-1152.0,-60.0,0.0,9.0,-994.0,533.0,1646.0,1118.0,0.0,-647.0,1563.0,555.0,-2935.0,93.0,216.0,1644.0,-2653.0,-3061.0,262.0,-407.0,-28.0,-1610.0,10771.0,3338.0,-1739.0,-68.0
N-ACETYLGLUCOSAMINE-MEOXN-O-O-O-O-TMS_2-1-M/z159,-1102.0,359.0,972.0,-375.0,-1282.0,-642.0,-193.0,-82.0,-569.0,-157.0,378.0,194.0,201.0,713.0,313.0,-435.0,-437.0,32.0,-660.0,985.0,-317.0,413.0,483.0,611.0,-250.0,-193.0,-515.0,548.0,-168.0,-1768.0,-652.0,-466.0,-639.0,247.0,-7.0,510.0,600.0,628.0,66.0,-514.0,419.0,992.0,-651.0,-299.0,74.0,-101.0,-153.0,155.0,-630.0,-337.0,277.0,764.0,85.0,634.0,183.0,-153.0,-36.0,-458.0,40.0,488.0,-603.0,302.0,-609.0,-64.0,266.0,-40.0,1639.0,-200.0,409.0,-1864.0,-595.0,482.0,-975.0,-483.0,-316.0,-1411.0,-1086.0,-678.0,37.0,1483.0,695.0,230.0,-144.0,385.0,1172.0,-895.0,-260.0,-245.0,1063.0,-168.0,885.0,-579.0,630.0,242.0,-84.0,502.0,-543.0,-273.0,624.0,-1452.0,-107.0,-235.0
NAPROXEN-TMS-1-M/z303,-287.0,-71.0,119.0,-258.0,-127.0,-174.0,-252.0,281.0,-130.0,226.0,-14.0,199.0,285.0,-81.0,-27.0,-130.0,5.0,-34.0,105.0,260.0,-87.0,-260.0,112.0,-149.0,211.0,77.0,-108.0,-48.0,24.0,-29258.0,155.0,-241.0,200.0,130.0,-229.0,257.0,474.0,-122.0,253.0,-238.0,49.0,279.0,-313.0,524.0,-140.0,-77.0,224.0,-244.0,-109.0,56.0,-445.0,207.0,-141.0,148.0,47.0,-26.0,-181.0,1845.0,127.0,202.0,98.0,-221.0,-88.0,-28.0,87.0,82.0,536.0,-189.0,-73.0,-277.0,-439.0,150.0,-201.0,-27.0,-203.0,-138.0,-155.0,-38.0,-220.0,241.0,115.0,27.0,155.0,75.0,183.0,-351.0,-622.0,-128.0,131.0,-42.0,98.0,140.0,64.0,198.0,-182.0,107.0,23.0,-60.0,-8.0,-177.0,164.0,44.0
NIGEROSE-MEOX-8TMS_2-1-M/z361,122.0,-270.0,-423.0,-237.0,-412.0,-437.0,-405.0,-768.0,-194.0,-248.0,92.0,102.0,465.0,-15.0,200.0,-245.0,-286.0,730.0,-13.0,13.0,-324.0,-236.0,56.0,429.0,-302.0,474.0,-183.0,99.0,-476.0,-809.0,-291.0,-133.0,-464.0,-23.0,428.0,23.0,-175.0,-249.0,1107.0,346.0,42.0,-414.0,-197.0,-92.0,169.0,100.0,-143.0,-481.0,-136.0,13.0,494.0,-997.0,-320.0,777.0,-530.0,-188.0,-689.0,-150.0,-877.0,-177.0,-744.0,328.0,39.0,43.0,9.0,375.0,-381.0,-129.0,-677.0,583.0,25.0,-109.0,17.0,-458.0,248.0,-787.0,-38.0,-264.0,872.0,-434.0,-84.0,-397.0,208.0,-126.0,-707.0,-4.0,26.0,20.0,-94.0,-72.0,437.0,265.0,496.0,-252.0,-581.0,-235.0,-441.0,174.0,204.0,168.0,69.0,-488.0
OCTADECADIENOICACID-9-12-(Z-Z)-TMS-1-M/z337,10687.0,4412.0,2188.0,-9414.0,-7095.0,-3060.0,-2368.0,180.0,-1683.0,4619.0,281.0,22985.0,10562.0,-10185.0,-2190.0,1118.0,2901.0,6763.0,5579.0,-269.0,-4626.0,4467.0,5683.0,13728.0,-3379.0,-7175.0,-1226.0,4658.0,13974.0,6432.0,9306.0,-2185.0,521.0,3340.0,6840.0,-3325.0,5245.0,-6883.0,-1902.0,1612.0,-387.0,-4393.0,6195.0,5048.0,-3682.0,-24528.0,1190.0,6907.0,-7144.0,-3381.0,-12588.0,1721.0,11837.0,2355.0,3125.0,-6988.0,9337.0,-5956.0,-6599.0,-1258.0,-3393.0,588.0,-24663.0,5755.0,2853.0,-1607.0,10800.0,-3280.0,-2399.0,-14671.0,-612.0,2885.0,-2608.0,-9331.0,1757.0,9894.0,2462.0,1654.0,-9246.0,-8056.0,834.0,-5763.0,5804.0,2544.0,2099.0,2359.0,-8909.0,1737.0,-1077.0,3400.0,-1508.0,-5997.0,12674.0,-3687.0,17841.0,659.0,25403.0,12267.0,8282.0,3315.0,-8273.0,-5160.0
OCTADECANOICACID-TMS-1-M/z313,1891.0,1712.0,-323.0,-801.0,-1877.0,179.0,657.0,-575.0,-1099.0,488.0,-222.0,1854.0,130.0,-283.0,-1025.0,851.0,268.0,-9.0,501.0,-1026.0,-1041.0,205.0,1645.0,3109.0,-1096.0,-1158.0,-423.0,480.0,1375.0,2032.0,203.0,142.0,-847.0,283.0,22.0,-2255.0,1585.0,-687.0,-391.0,483.0,-793.0,-833.0,105.0,71.0,-693.0,-3924.0,-35.0,1532.0,-1771.0,-1228.0,-883.0,-97.0,2441.0,-1005.0,533.0,-767.0,1729.0,-857.0,-1577.0,530.0,-532.0,451.0,-2593.0,1272.0,647.0,18.0,1839.0,-3430.0,-1056.0,-2679.0,1508.0,60.0,-1146.0,-2049.0,680.0,1115.0,1862.0,-103.0,-3257.0,-1361.0,650.0,-435.0,2782.0,-366.0,414.0,284.0,-2146.0,1422.0,40.0,711.0,-165.0,-1366.0,1116.0,-670.0,2745.0,535.0,4837.0,1386.0,204.0,399.0,-1503.0,-2035.0
OCTADECENOICACID-9-(E)-TMS-1-M/z339,53881.0,35649.0,-815.0,-36314.0,-36336.0,12796.0,-2943.0,-9399.0,-4924.0,16261.0,-5935.0,87397.0,45909.0,-31622.0,-7928.0,6165.0,763.0,65649.0,29906.0,-11838.0,-15939.0,19160.0,22293.0,68459.0,-11520.0,-46577.0,-8647.0,14119.0,58826.0,46397.0,44133.0,239.0,-11379.0,10564.0,18901.0,-1638.0,41241.0,-38870.0,-8814.0,4501.0,1561.0,-35586.0,20867.0,13819.0,-12100.0,-132173.0,-13581.0,22253.0,-47708.0,-25250.0,-39022.0,-3422.0,74985.0,7894.0,14621.0,-50980.0,52973.0,-1535.0,-35811.0,-3276.0,-16653.0,10984.0,-114898.0,49818.0,-957.0,-2962.0,73408.0,-39771.0,-35736.0,-60419.0,-10535.0,9442.0,-24720.0,-43068.0,444.0,15322.0,19242.0,9087.0,-88717.0,-47342.0,21846.0,-22056.0,15297.0,14545.0,15916.0,-26731.0,-35691.0,18720.0,-1358.0,21760.0,-10300.0,-49034.0,48306.0,-19633.0,102478.0,-11280.0,103013.0,70200.0,17361.0,-157.0,-39432.0,-42727.0
OCTADECENOICACID--9-(Z)-TMS-1-M/z222,16624.0,10120.0,95.0,-9950.0,-9083.0,4905.0,-376.0,-3383.0,-2595.0,4901.0,-1876.0,25930.0,13104.0,-8903.0,-2338.0,2610.0,305.0,18438.0,8924.0,-3713.0,-4266.0,5662.0,6520.0,21668.0,-3516.0,-14879.0,-2832.0,4806.0,18949.0,16284.0,13983.0,-880.0,-3453.0,3435.0,4895.0,-1555.0,10871.0,-10145.0,-2123.0,1548.0,460.0,-10476.0,6065.0,4030.0,-3541.0,-42544.0,-3903.0,6862.0,-14323.0,-8523.0,-11799.0,-1107.0,22125.0,2641.0,5333.0,-15483.0,17017.0,400.0,-9975.0,-1121.0,-5352.0,4198.0,-34408.0,15951.0,-5.0,-447.0,24233.0,-11359.0,-11917.0,-18253.0,-3434.0,2576.0,-7932.0,-14646.0,217.0,4736.0,6576.0,2007.0,-25875.0,-15572.0,7234.0,-5685.0,5158.0,4451.0,4862.0,-7959.0,-11071.0,5914.0,-423.0,6465.0,-4200.0,-14915.0,15948.0,-6154.0,30089.0,-3145.0,31083.0,23079.0,5929.0,-715.0,-13049.0,-12679.0
ORNITHINE-N-N-N-O-TMS_2-1-M/z420,-673.0,-23.0,209.0,3786.0,-2064.0,-1024.0,-813.0,-694.0,3039.0,-1977.0,630.0,3949.0,-2248.0,679.0,484.0,-72.0,-525.0,2067.0,32.0,2141.0,1736.0,557.0,726.0,1364.0,5235.0,-879.0,-2795.0,-286.0,2166.0,-2193.0,-95.0,-180.0,-1019.0,1557.0,1592.0,-1105.0,-515.0,-1235.0,3438.0,-1077.0,1479.0,2489.0,2428.0,-287.0,735.0,2279.0,1050.0,2964.0,-1248.0,-447.0,-2292.0,-2471.0,-4208.0,985.0,607.0,2741.0,-817.0,244.0,349.0,1384.0,-1185.0,1594.0,3303.0,-1244.0,1310.0,2049.0,839.0,6426.0,1365.0,2221.0,739.0,-964.0,-672.0,927.0,-905.0,-871.0,-4045.0,-2381.0,6346.0,-2490.0,-1219.0,2187.0,243.0,1812.0,122.0,5088.0,3596.0,1747.0,-593.0,-3231.0,370.0,1840.0,-1338.0,-528.0,-1534.0,1908.0,-215.0,279.0,5687.0,129.0,795.0,-1013.0
ORNITHINE-N-N-O-TMS_1-1-M/z144,1751.0,350.0,44.0,1459.0,-3419.0,1798.0,164.0,866.0,8335.0,-220.0,-557.0,947.0,-1008.0,1938.0,844.0,1300.0,-562.0,1020.0,637.0,2838.0,1130.0,2455.0,1311.0,1406.0,21356.0,-1374.0,-1652.0,2147.0,-12878.0,-4546.0,435.0,3638.0,467.0,8446.0,247.0,-228.0,-1993.0,-883.0,1453.0,-1423.0,690.0,1972.0,2304.0,-665.0,1485.0,5702.0,1255.0,1426.0,-265.0,-1314.0,-531.0,223.0,3835.0,1032.0,833.0,4888.0,-4259.0,-2776.0,-1695.0,780.0,1888.0,578.0,-545.0,136.0,1273.0,1217.0,421.0,922.0,619.0,4641.0,-26.0,-429.0,875.0,1956.0,1269.0,1568.0,-1573.0,499.0,-1126.0,-1123.0,-1388.0,3945.0,-659.0,1811.0,1303.0,500.0,3955.0,2051.0,-10801.0,-1102.0,-1557.0,547.0,-1685.0,412.0,-425.0,2054.0,1299.0,-48.0,1082.0,-1417.0,3396.0,-1145.0
PHENYLALANINE-N-O-TMS-1-M/z268,306.0,767.0,-216.0,-350.0,-429.0,624.0,-161.0,-505.0,979.0,-301.0,778.0,557.0,-236.0,-102.0,-425.0,459.0,-38.0,369.0,67.0,-212.0,-353.0,-226.0,5.0,434.0,1474.0,462.0,-543.0,172.0,-1149.0,-805.0,499.0,194.0,36.0,73.0,304.0,-393.0,76.0,-371.0,556.0,-696.0,-396.0,10.0,1388.0,835.0,-95.0,842.0,1028.0,1081.0,412.0,502.0,139.0,-625.0,-416.0,-260.0,-512.0,614.0,-102.0,-366.0,104.0,340.0,689.0,1092.0,1119.0,-619.0,617.0,853.0,-425.0,383.0,354.0,-415.0,178.0,-589.0,479.0,501.0,79.0,-375.0,-776.0,224.0,699.0,-1256.0,-338.0,-215.0,886.0,-92.0,-13.0,373.0,565.0,515.0,-170.0,-579.0,140.0,208.0,-595.0,-497.0,-585.0,748.0,-321.0,-713.0,397.0,576.0,646.0,680.0
PYROGLUTAMICACID-N-O-TMS-1-M/z159,-873.0,996.0,1691.0,-425.0,-2480.0,-1193.0,-1851.0,1363.0,1575.0,503.0,1338.0,763.0,803.0,-1370.0,-217.0,1612.0,-1242.0,38.0,2732.0,1634.0,-147.0,1325.0,636.0,2040.0,1354.0,2603.0,-899.0,1588.0,-3346.0,-813.0,115.0,1022.0,-743.0,3020.0,-511.0,331.0,1658.0,134.0,2029.0,-1013.0,24.0,4968.0,654.0,-397.0,1173.0,545.0,1216.0,2394.0,-864.0,-1538.0,-661.0,-2124.0,2409.0,2237.0,-1819.0,3172.0,-835.0,765.0,-2108.0,607.0,117.0,1432.0,57.0,-1779.0,839.0,159.0,2409.0,-1050.0,1743.0,-209.0,2315.0,425.0,1342.0,2433.0,-590.0,607.0,1953.0,618.0,-24.0,-1003.0,-1483.0,3980.0,1131.0,-1136.0,-27.0,3052.0,1334.0,232.0,-2662.0,-2363.0,-605.0,720.0,-1124.0,2199.0,-2916.0,572.0,-280.0,-580.0,1550.0,250.0,2427.0,-934.0
SALICYLICACID-2TMS-1-M/z268,-592.0,-432.0,-286.0,98.0,498.0,-281.0,410.0,338.0,-24.0,110.0,20.0,-441.0,-320.0,-410.0,-33.0,370.0,619.0,-117.0,-35.0,-133.0,456.0,-106.0,-219.0,47.0,-421.0,-521.0,-360.0,-435.0,-118.0,225.0,729.0,-331.0,33.0,-14.0,249.0,523.0,-287.0,124.0,-270.0,-241.0,-316.0,-58.0,-34.0,-404.0,-171.0,1.0,-198.0,-793.0,-315.0,608.0,-558.0,-393.0,442.0,-290.0,-278.0,-227.0,356.0,-589.0,138.0,-358.0,-799.0,-255.0,-256.0,160.0,-103.0,-587.0,42.0,345.0,-108.0,-112.0,-489.0,-32.0,19.0,219.0,-278.0,-306.0,124.0,-189.0,116.0,-309.0,-134.0,233.0,-87.0,290.0,-175.0,35.0,-54.0,-59.0,31.0,-9.0,-435.0,-217.0,-346.0,-30.0,-135.0,-9.0,-360.0,-343.0,464.0,-1.0,182.0,305.0
SERINE-N-O-O-TMS-1-M/z307,-1208.0,-189.0,988.0,-371.0,-523.0,-223.0,-488.0,-782.0,768.0,32.0,443.0,407.0,-111.0,374.0,323.0,1087.0,-813.0,1111.0,507.0,1123.0,258.0,-438.0,306.0,624.0,1700.0,996.0,-1330.0,669.0,-1391.0,-1349.0,-28.0,370.0,-283.0,-87.0,-232.0,152.0,215.0,-1292.0,1220.0,-327.0,-402.0,283.0,-194.0,-354.0,330.0,-177.0,1348.0,1199.0,-103.0,-300.0,-1072.0,-1431.0,-77.0,1029.0,118.0,745.0,-1292.0,-781.0,-484.0,126.0,413.0,311.0,730.0,-114.0,39.0,1392.0,52.0,379.0,322.0,1115.0,473.0,190.0,-900.0,837.0,-759.0,-69.0,614.0,-403.0,367.0,-695.0,-439.0,2542.0,180.0,-88.0,-647.0,1038.0,671.0,568.0,-1872.0,-927.0,102.0,-259.0,-1073.0,-1377.0,-791.0,1631.0,1138.0,-248.0,781.0,-26.0,1342.0,-1123.0
SORBOSE-MEOX5TMS_1-1-M/z364,-1352.0,790.0,1859.0,-129.0,-88.0,205.0,20538.0,975.0,-522.0,2831.0,-14153.0,656.0,453.0,902.0,-21434.0,10939.0,3584.0,-21425.0,-14165.0,-369.0,2447.0,-13655.0,-1053.0,-23640.0,-1024.0,-5867.0,51371.0,370.0,-4043.0,834.0,-776.0,-958.0,11342.0,-4579.0,1933.0,2888.0,463.0,84.0,-410.0,430.0,-33.0,6693.0,-716.0,1319.0,-22228.0,-681.0,2236.0,-11296.0,8731.0,4659.0,11741.0,-184.0,557.0,-1464.0,-16999.0,1135.0,3158.0,-845.0,18511.0,18292.0,668.0,-4053.0,5800.0,-4610.0,-4734.0,1075.0,-1017.0,119.0,1945.0,-1201.0,2456.0,9972.0,-82.0,1375.0,456.0,-100.0,2794.0,548.0,323.0,14347.0,-785.0,25.0,-21691.0,2846.0,-12360.0,-1343.0,-431.0,1573.0,-149.0,-6362.0,319.0,11932.0,796.0,297.0,738.0,4702.0,128.0,-2295.0,11400.0,16546.0,6033.0,-2579.0
SORBOSE-MEOX5TMS_2-1,-31516.0,20913.0,50840.0,-6357.0,-14790.0,24473.0,492394.0,20860.0,-12825.0,106128.0,-402786.0,20540.0,14979.0,55472.0,-621271.0,315422.0,125410.0,-590674.0,-412027.0,1640.0,81425.0,-352410.0,-33195.0,-641173.0,-44854.0,-114851.0,1409619.0,12188.0,-97385.0,23881.0,-40285.0,-19232.0,357784.0,-118384.0,69986.0,97169.0,3842.0,736.0,422.0,22828.0,2307.0,190384.0,-8053.0,39960.0,-644631.0,-20507.0,60075.0,-337256.0,283169.0,162260.0,377809.0,-2208.0,2593.0,-39937.0,-476058.0,47343.0,67662.0,-31003.0,550456.0,496872.0,20350.0,-154187.0,197456.0,-147601.0,-120458.0,43196.0,-30476.0,8864.0,63773.0,-49599.0,61488.0,253116.0,-11679.0,33873.0,20077.0,-8200.0,95640.0,24400.0,28355.0,369747.0,-24502.0,-5627.0,-584084.0,69492.0,-327295.0,-44983.0,-6020.0,39172.0,-10346.0,-180010.0,11512.0,374955.0,28967.0,15710.0,12635.0,154427.0,454.0,-76148.0,310422.0,448579.0,154074.0,-75500.0
SUCROSE-8TMS-1-M/z362,-1175.0,-6335.0,-781.0,378.0,-29.0,468.0,395.0,-311.0,-2109.0,549.0,146.0,188.0,-95.0,-24.0,-271.0,709.0,-90.0,276.0,-350.0,-70.0,-536.0,-915.0,-62.0,-387.0,462.0,102.0,-176.0,-3.0,-58.0,-2521.0,-121.0,-364.0,274.0,200.0,-637.0,208.0,-411.0,1597.0,1270.0,-1651.0,-152.0,-4213.0,-1077.0,-2546.0,-1370.0,319.0,-2616.0,435.0,3095.0,596.0,614.0,-83.0,1108.0,-655.0,363.0,103.0,68.0,-847.0,4182.0,2599.0,-713.0,-1533.0,-46.0,-424.0,-24.0,-291.0,-1046.0,-919.0,212.0,-386.0,1757.0,177.0,126.0,-3053.0,-865.0,-1963.0,1700.0,481.0,1525.0,299.0,-502.0,-713.0,488.0,261.0,-2472.0,-306.0,-155.0,581.0,968.0,-1204.0,-392.0,1575.0,495.0,355.0,301.0,798.0,169.0,258.0,1177.0,2479.0,-132.0,-310.0
TAURINE-3TMS-1-M/z328,-101.0,-51.0,0.0,-605.0,-227.0,95.0,-114.0,0.0,47.0,-152.0,548.0,134.0,-56.0,109.0,70.0,53.0,-18.0,0.0,-213.0,4.0,122.0,-475.0,502.0,2628.0,1014.0,-2032.0,4769.0,463.0,3942.0,-443.0,504.0,3.0,97.0,-1644.0,-158.0,0.0,0.0,-32.0,703.0,0.0,3372.0,-162.0,-557.0,-906.0,150.0,411.0,560.0,-486.0,0.0,0.0,99.0,-141.0,811.0,-43.0,-1064.0,-127.0,-1408.0,-114.0,65.0,-621.0,251.0,46.0,605.0,-647.0,1964.0,-226.0,2388.0,2031.0,-935.0,-835.0,-1573.0,-1308.0,-668.0,-744.0,-327.0,-998.0,-304.0,-979.0,7211.0,-890.0,-588.0,-843.0,753.0,838.0,-1726.0,-115.0,312.0,1314.0,-1538.0,-1217.0,459.0,556.0,4.0,-2418.0,-39.0,88.0,-1146.0,-714.0,1453.0,8473.0,514.0,767.0
THREONINE-N-O-O-TMS-1-M/z293,-5618.0,1091.0,-482.0,-1199.0,-1393.0,-3307.0,-312.0,567.0,3282.0,310.0,-2708.0,-1481.0,-2816.0,919.0,-842.0,706.0,-2615.0,1820.0,1293.0,-1042.0,2230.0,-797.0,2416.0,2870.0,10065.0,-1978.0,-5868.0,4301.0,-7518.0,-10103.0,-2803.0,5201.0,-3540.0,5132.0,3466.0,-3438.0,-2362.0,-9680.0,-1342.0,-530.0,-2133.0,8492.0,501.0,175.0,4151.0,3459.0,1822.0,1136.0,-8336.0,4164.0,-6926.0,-4197.0,-2673.0,1006.0,-1993.0,6909.0,-7193.0,-5506.0,-4037.0,2313.0,122.0,5381.0,4920.0,-3982.0,55.0,5548.0,-202.0,12880.0,-2630.0,7154.0,-3422.0,-3832.0,308.0,1297.0,-4261.0,-1052.0,-5271.0,-2510.0,-2044.0,-5943.0,-359.0,10050.0,5634.0,1370.0,-4042.0,-1233.0,5708.0,2396.0,-9929.0,-8886.0,-4069.0,-436.0,-5272.0,-14119.0,557.0,6314.0,4729.0,-3538.0,6092.0,1066.0,7099.0,-12811.0
TRYPTOPHAN-N-N-O-TMS-1-M/z303,-1216.0,-370.0,-205.0,-64.0,-585.0,-741.0,-644.0,-183.0,-602.0,-37.0,728.0,-42.0,-225.0,-849.0,-364.0,13.0,-1037.0,567.0,-185.0,-402.0,-289.0,-631.0,-63.0,-120.0,916.0,93.0,-1081.0,-195.0,-2021.0,-190.0,54.0,-1174.0,-278.0,1558.0,50.0,-450.0,195.0,-120.0,-82.0,-631.0,-97.0,359.0,-60.0,-363.0,-897.0,1194.0,215.0,550.0,236.0,1379.0,85.0,-765.0,-577.0,-402.0,-210.0,819.0,-614.0,-2912.0,-233.0,312.0,-760.0,645.0,-712.0,-88.0,1459.0,601.0,154.0,-553.0,363.0,-149.0,-741.0,-2420.0,-330.0,423.0,-699.0,-735.0,-579.0,-521.0,259.0,-950.0,-601.0,98.0,623.0,-350.0,-103.0,-231.0,325.0,24.0,-1156.0,-665.0,-514.0,602.0,-488.0,-922.0,-483.0,420.0,-544.0,-1181.0,331.0,-153.0,705.0,-35.0
TYROSINE-N-O-O-TMS-1-M/z382,146.0,-406.0,1587.0,-1156.0,-225.0,2739.0,-2295.0,292.0,2013.0,-1384.0,-810.0,695.0,-1982.0,-1330.0,192.0,348.0,-1734.0,1559.0,325.0,1036.0,305.0,-420.0,352.0,2079.0,5349.0,-471.0,-2346.0,297.0,-3107.0,-3558.0,821.0,-1634.0,-4012.0,1530.0,-1498.0,-220.0,-1698.0,558.0,490.0,-843.0,-121.0,2585.0,1409.0,559.0,882.0,2710.0,1078.0,2648.0,-766.0,1225.0,-112.0,-1890.0,-2871.0,-983.0,-298.0,816.0,-1061.0,-2566.0,-1126.0,99.0,2396.0,801.0,442.0,-695.0,1783.0,1672.0,-519.0,778.0,1698.0,1761.0,74.0,-3118.0,-730.0,1727.0,-2146.0,-680.0,-4868.0,-2701.0,1424.0,-2582.0,-1029.0,2009.0,1662.0,14.0,-565.0,2961.0,4191.0,2162.0,-2127.0,-2090.0,-1157.0,2667.0,-4502.0,1130.0,370.0,2342.0,-34.0,-689.0,1650.0,646.0,575.0,118.0
URICACID-N-O-O-O-TMS-1-M/z72,-20250.0,-635.0,15757.0,-34844.0,-35895.0,-44900.0,-1408.0,-38681.0,11328.0,13733.0,-7538.0,-4683.0,-23825.0,-19324.0,-16314.0,-23999.0,-52195.0,498.0,22569.0,-42129.0,-8604.0,-5057.0,-23269.0,11250.0,-9791.0,-49439.0,-17333.0,1841.0,-48907.0,8047.0,-14760.0,7221.0,14544.0,18872.0,15767.0,-6353.0,1606.0,-6397.0,-30417.0,-5256.0,-5193.0,-24379.0,19959.0,-3543.0,-17629.0,-12797.0,16017.0,-16916.0,7460.0,22473.0,-25.0,-9329.0,16939.0,-26083.0,-7298.0,18647.0,32788.0,4321.0,1345.0,-4940.0,-891.0,2437.0,-1868.0,9067.0,-11534.0,6359.0,9638.0,-3551.0,-8758.0,-62709.0,-14897.0,11964.0,4326.0,-567.0,-6540.0,8435.0,23319.0,-8474.0,-24765.0,25211.0,-1804.0,-6884.0,-3059.0,11261.0,-17430.0,-30104.0,17675.0,11965.0,-29638.0,-23070.0,-2570.0,-4935.0,13767.0,-18986.0,-26887.0,2219.0,12292.0,-10916.0,4305.0,-16793.0,-8621.0,-11803.0
VALINE-N-O-TMS-1-M/z246,-115.0,1101.0,6179.0,-948.0,-7320.0,295.0,-3873.0,-3678.0,8725.0,-3678.0,1429.0,7393.0,-3210.0,910.0,-2837.0,3036.0,-2076.0,2381.0,368.0,-2011.0,511.0,-513.0,983.0,5278.0,10247.0,-1183.0,-3930.0,1896.0,-6443.0,-5923.0,127.0,-1833.0,-5434.0,9533.0,4418.0,-211.0,-4466.0,-888.0,-754.0,-1427.0,-1510.0,6050.0,6117.0,1993.0,-579.0,10892.0,3375.0,5082.0,-455.0,8093.0,-812.0,124.0,-2994.0,-5349.0,-3692.0,4324.0,326.0,86.0,-3611.0,1090.0,4614.0,2721.0,703.0,-2101.0,7175.0,1720.0,-22.0,2777.0,2976.0,6379.0,2540.0,-5845.0,1722.0,3646.0,-4783.0,-1253.0,-5609.0,-1621.0,2157.0,-3177.0,-1973.0,6490.0,4335.0,232.0,512.0,2010.0,5423.0,2196.0,-1698.0,-5008.0,-6937.0,7946.0,-6465.0,-4085.0,-817.0,305.0,-402.0,-5495.0,5865.0,5393.0,4983.0,-534.0
Tryptophan_Ri2161Mz202,-3673.0,318.0,-978.0,-1968.0,-1651.0,-2836.0,-1368.0,-1694.0,-2251.0,-1050.0,-960.0,309.0,-36.0,-1026.0,-574.0,-1847.0,-1635.0,229.0,-488.0,-2390.0,-1311.0,-1714.0,125.0,-886.0,-1337.0,-287.0,-1408.0,-375.0,-344.0,1696.0,-660.0,-1977.0,171.0,976.0,-820.0,-1378.0,1198.0,-111.0,-1201.0,-656.0,-1270.0,1161.0,1912.0,-187.0,-846.0,-341.0,-2222.0,-664.0,-72.0,3670.0,918.0,-114.0,-372.0,-719.0,-1042.0,-240.0,58.0,-979.0,-1324.0,1465.0,1829.0,144.0,297.0,150.0,794.0,-331.0,-129.0,288.0,-702.0,-3789.0,-684.0,-1456.0,-239.0,-1949.0,-501.0,-909.0,-407.0,-1469.0,693.0,-484.0,-1263.0,-191.0,338.0,744.0,110.0,-686.0,243.0,792.0,-220.0,-533.0,-623.0,362.0,-3602.0,0.0,113.0,-1142.0,-1216.0,700.0,-1474.0,100.0,-805.0,-611.0
Benzenebutanoic_acid_Ri2182Mz192,-1610.0,-138.0,784.0,-998.0,211.0,-103.0,88.0,-335.0,400.0,-1350.0,-135.0,485.0,143.0,553.0,829.0,142.0,-405.0,2371.0,-789.0,589.0,252.0,-975.0,675.0,50.0,463.0,2087.0,-529.0,176.0,-614.0,325.0,680.0,-601.0,-214.0,738.0,-149.0,1250.0,619.0,1006.0,270.0,34.0,-277.0,-614.0,77.0,674.0,-805.0,1290.0,-293.0,-371.0,-360.0,2074.0,20.0,-558.0,-953.0,-523.0,-45.0,-745.0,440.0,-522.0,-4.0,703.0,674.0,-193.0,87.0,1066.0,-518.0,-65.0,293.0,587.0,-302.0,94.0,369.0,-1256.0,351.0,146.0,-279.0,533.0,1185.0,1367.0,1221.0,-426.0,73.0,-386.0,-89.0,401.0,-513.0,-655.0,2284.0,805.0,-967.0,-748.0,-427.0,222.0,-545.0,181.0,100.0,1014.0,-981.0,5915.0,-468.0,-338.0,211.0,401.0
Myo_Inositol_phosphate_Ri2399Mz299,649.0,-211.0,-523.0,-797.0,-313.0,-1291.0,-744.0,583.0,-212.0,-1606.0,1032.0,485.0,478.0,-237.0,89.0,-465.0,1048.0,-949.0,546.0,-875.0,-1307.0,-371.0,365.0,780.0,122.0,-256.0,-578.0,31.0,825.0,-146.0,73.0,-869.0,-424.0,708.0,-248.0,-565.0,-310.0,-744.0,-243.0,-602.0,189.0,770.0,-66.0,218.0,-307.0,882.0,359.0,420.0,-989.0,-414.0,161.0,-610.0,-506.0,-555.0,321.0,1118.0,46.0,-519.0,221.0,104.0,491.0,965.0,-8.0,35.0,231.0,-179.0,573.0,98.0,962.0,-745.0,-238.0,-275.0,-186.0,-877.0,-94.0,-498.0,-139.0,-1051.0,-22.0,204.0,-492.0,-864.0,-173.0,-361.0,-100.0,68.0,-465.0,385.0,-305.0,-501.0,-1464.0,-427.0,249.0,-1118.0,89.0,-1209.0,123.0,1089.0,1103.0,-131.0,1045.0,-54.0
Kynuerine_Mz192-Time:373.01to374.92Mass:192to192,-744.0,-154.0,259.0,12.0,-500.0,-56.0,-404.0,-142.0,370.0,-115.0,130.0,-294.0,38.0,758.0,45.0,159.0,-291.0,800.0,-55.0,328.0,265.0,-736.0,79.0,283.0,145.0,497.0,-333.0,119.0,-286.0,135.0,-38.0,-249.0,293.0,-43.0,35.0,521.0,371.0,251.0,275.0,-42.0,-212.0,-274.0,-292.0,535.0,-469.0,598.0,9.0,-260.0,77.0,738.0,-143.0,-16.0,-295.0,13.0,-3.0,-165.0,57.0,-54.0,134.0,289.0,104.0,26.0,95.0,428.0,-35.0,-32.0,222.0,-52.0,83.0,-197.0,110.0,-500.0,110.0,138.0,35.0,316.0,262.0,-10.0,378.0,-140.0,215.0,-369.0,261.0,286.0,-43.0,-306.0,820.0,359.0,-380.0,-233.0,-261.0,98.0,82.0,118.0,-133.0,364.0,-311.0,2667.0,-354.0,-118.0,224.0,879.0
