id,source,target,Weight,group
0,RABEP2,LAMP3,0.9912808006184715,1
1,RABEP2,FGF-19,0.963587897331404,0
2,RABEP2,CD244,0.9762788589471656,1
3,RABEP2,PD-L1,0.9868558009265371,0
4,RABEP2,NFATC3,0.9816124338797504,0
5,RABEP2,CCL19,0.9906868107719854,0
6,HLA-DMB,DPP10,0.9735797511724283,1
7,MPHOSPH9,CD28,0.961846815577523,0
8,MPHOSPH9,HCLS1,0.9539693909024832,1
9,MAN2C1,CD2AP,0.9763785667553482,1
10,MAN2C1,TPSAB1,0.9643528333994338,0
11,MAN2C1,EGLN1,0.9681009993321918,1
12,MAN2C1,CXADR,0.9660070998005751,0
13,MAN2C1,MILR1,0.9578235655131043,0
14,MAN2C1,CX3CL1,0.9584319539869498,0
15,ZNF385D,VEGFA,0.9557905857152414,1
16,ZNF385D,FGF-21,0.9622277218983182,1
17,BCKDHA,CD28,0.9768817761734674,0
18,BCKDHA,KLK10,0.9557811584750483,0
19,VAT1,AREG,0.9706336844701047,1
20,TENM1,AHCY,0.9620927944711692,0
21,TENM1,VEGFA,0.9775368708267078,1
22,TENM1,TINAGL1,0.9525859382821308,1
23,TENM1,FGF-21,0.9686299205526306,1
24,TENM1,ADGRE2,0.9623758007401937,1
25,TENM1,NPTXR,0.9655745557011396,1
26,TSFM,AHCY,0.9788688816818973,1
27,TSFM,PAG1,0.9636392435495549,1
28,TSFM,TINAGL1,0.960254845918041,0
29,TSFM,FGF-21,0.9698039089368183,0
30,TSFM,SNAP23,0.9611672361744708,1
31,TSFM,ADGRE2,0.9591341016473466,0
32,PTPN1,AHCY,0.9591195166880141,0
33,PTPN1,VEGFA,0.9830766458475428,1
34,PTPN1,TINAGL1,0.9613695061094942,1
35,PTPN1,FGF-21,0.9680928264830152,1
36,PTPN1,ADGRE2,0.9696658137270819,1
37,PTPN1,NPTXR,0.9741411070103146,1
38,ZC2HC1A,TRAF2,0.9513811604098201,1
39,ZC2HC1A,CNTNAP2,0.9871621704103833,0
40,SLC39A9,CD28,0.9953692060725777,1
41,TBKBP1,CD28,0.9557000902868626,1
42,TBKBP1,DPP7,0.9541743670883142,0
43,ZNF208,MMP-10,0.9552214267688335,1
44,ZNF208,SH2D1A,0.9784123160561413,1
45,ZNF208,TRIM21,0.9630072066081928,1
46,TUFM,CD28,0.9502492898828401,0
47,SAMM50,APLP1,0.9609053913106883,0
48,KANSL2,DPP10,0.9500990993674356,0
49,TMED10P1,FGF-19,0.9549809035255251,0
50,TMED10P1,CD244,0.9688247814020867,1
51,TMED10P1,PD-L1,0.9531511859307152,0
52,TMED10P1,CCL19,0.9518465795221632,0
53,CCL7,FCRL1,0.9622319109117057,0
54,CCL7,NFATC3,0.9796501187622938,1
55,IGF1R,DPP7,0.9928715931431685,0
56,C20orf112,URICACID-N-O-O-O-TMS-1M/z72,0.9676347299489465,0
57,LOC283070,TXNDC5,0.9914546991370896,1
58,LOC283070,PSIP1,0.9680516119164891,1
59,LOC283070,CD6,0.9788363324476781,1
60,LOC283070,MCP-2,0.969367461492185,1
61,LOC283070,GHRL,0.9792202397923698,1
62,ZBTB10,LY75,0.9792099083370521,0
63,AMOTL1,CCL20,0.9887048604683233,1
64,AMOTL1,SUMF2,0.9884996442901607,0
65,AMOTL1,LRP11,0.9833950852884261,1
66,AMOTL1,TYMP,0.9745405837061436,1
67,AMOTL1,NCR1,0.9902873173637943,1
68,AMOTL1,TNFSF14,0.9632515691390547,1
69,HNRNPH1,CD28,0.9736253902455626,0
70,LOC100128398,NADK,0.9977912191508289,0
71,LOC100128398,ALDH1A1,0.9828470454893466,0
72,LOC100128398,TPSAB1,0.9882022192854825,0
73,LOC100128398,CCL3,0.9812318009956309,0
74,LOC100128398,CXADR,0.9794250491216965,0
75,LOC100128398,MILR1,0.9905249191189708,0
76,LOC100128398,IL10,0.9938499920235904,1
77,LOC100128398,CX3CL1,0.979415118154153,0
78,SPRYD3,C11orf30,0.976577175283496,1
79,SPRYD3,CD28,0.9810373049891328,1
80,SPRYD3,KLK10,0.9577355420870199,1
81,SPRYD3,OSM,0.957882821575389,0
82,MZT1,KLK10,0.981841319886086,0
83,MZT1,OSM,0.9723905445921582,1
84,MZT1,HCLS1,0.9864296450763238,1
85,PROCA1,TNFSF14,0.9659154189178227,0
86,SNX9,CD2AP,0.9821462811182482,1
87,TMX4,KLK10,0.9631678470854513,1
88,TMX4,OSM,0.9710437969545821,0
89,C11orf30,SPRYD3,0.976577175283496,1
90,C11orf30,CD28,0.9925856651122018,1
91,LOC148696,AREG,0.9592096728563413,1
92,monocytes,ALDH1A1,0.9752091454183305,0
93,monocytes,TPSAB1,0.9759034230875335,0
94,monocytes,CCL3,0.9831530472902124,0
95,monocytes,EGLN1,0.9806138463536901,1
96,monocytes,CXADR,0.986046300739853,0
97,monocytes,MILR1,0.9741532702248606,0
98,monocytes,IL10,0.9637681614303548,1
99,monocytes,CX3CL1,0.9868762871444797,0
100,creatinine,S100P,0.9526463899092324,1
101,creatinine,CD2AP,0.953350712392322,1
102,creatinine,GRAP2,0.9548405666508807,1
103,creatinine,EGLN1,0.9740870432208796,1
104,creatinine,TRIM5,0.9546905607145139,1
105,leukocytes,NADK,0.9505872333597998,0
106,leukocytes,CD2AP,0.9512215131376313,1
107,leukocytes,TPSAB1,0.9700983804351905,0
108,leukocytes,CCL3,0.9545225679730083,0
109,leukocytes,CXADR,0.9694802738295778,0
110,leukocytes,MILR1,0.9666233291294304,0
111,leukocytes,CX3CL1,0.964906789867245,0
112,hematocrit,DPP10,0.9762547845405971,0
113,alt,OSM,0.9604105377487653,1
114,ast,LAMP3,0.9638699879219301,0
115,ast,FGF-19,0.9780675733981248,1
116,ast,CD244,0.9856205488218027,0
117,ast,PD-L1,0.9744843979125942,1
118,ast,CCL19,0.9726044895080445,1
119,ast,GAMMA-TOCOPHEROL-TMS-1,0.968545623359949,0
120,platelets,DCTN1,0.9662224743913553,0
121,hemoglobin,NADK,0.9602575549574199,0
122,hemoglobin,ALDH1A1,0.9666444376718465,0
123,hemoglobin,TPSAB1,0.9849554049356974,0
124,hemoglobin,CCL3,0.9808169919559792,0
125,hemoglobin,EGLN1,0.9844773832779734,1
126,hemoglobin,CXADR,0.990091393402267,0
127,hemoglobin,MILR1,0.9803486198732194,0
128,hemoglobin,IL10,0.9681873030967244,1
129,hemoglobin,CX3CL1,0.9859247785519405,0
130,basophils,FCRL1,0.9964360641477065,1
131,TRAIL,FGF-19,0.9684164265783096,1
132,TRAIL,CD244,0.9693997290673246,0
133,TRAIL,PD-L1,0.975772360411408,1
134,TRAIL,CCL19,0.9716183818843901,1
135,MCP2,TRIM21,0.9703267439460683,0
136,RANKL,MMP-10,0.9654033939122337,1
137,RANKL,DCTN1,0.9694694801285563,0
138,MCP3,TNFRSF9,0.9949032716427805,0
139,DPP10,HLA-DMB,0.9735797511724283,1
140,DPP10,KANSL2,0.9500990993674356,0
141,DPP10,hematocrit,0.9762547845405971,0
142,DPP10,N-ACETYLGLUCOSAMINE-MEOXN-O-O-O-O-TMS_2-1M/z159,0.9870182206565398,0
143,DPP10,CYSTINE-N-N-O-O-TMS-1M/z297,0.9521583007472998,0
144,DPP10,INOSITOL-scyllo-6TMS-1M/z432,0.9958646776245826,0
145,DPP10,1-PALMITOYL-sn-GLYCERO-3-PHOSPHOCHOLINE-TMSderivative-1M/z301,0.9727079725826804,0
146,DPP10,ADENOSINE-5-MONOPHOSPHATE-5TMS-1M/z230,0.956398986620198,0
147,CCL20,AMOTL1,0.9887048604683233,1
148,CCL20,SUMF2,0.9982948844217331,0
149,CCL20,LRP11,0.9988721461716178,1
150,CCL20,TYMP,0.9922031157237733,1
151,CCL20,NCR1,0.9990092104186059,1
152,CCL20,TNFSF14,0.9701950481676379,1
153,CCL20,SALICYLICACID-2TMS-1M/z268,0.9690109247688359,1
154,CCL20,Myo_Inositol_phosphate_Ri2399Mz299,0.9976839380825938,1
155,CCL20,OCTADECANOICACID-TMS-1M/z313,0.9760160190473469,1
156,CCL20,OCTADECADIENOICACID-9-12-(Z-Z)-TMS-1M/z337,0.971521157458076,1
157,S100P,creatinine,0.9526463899092324,1
158,S100P,GRAP2,0.9547967664465157,1
159,S100P,ISOLEUCINE-N-O-TMS-1M/z233,0.9671437170368762,1
160,S100P,TRYPTOPHAN-N-N-O-TMS-1M/z303,0.9732309914899827,1
161,S100P,MALTOSE-MEOX8TMS_1-1M/z361,0.9761479043775211,1
162,S100P,CELLOBIOSE-MEOX8TMS_2-1M/z361,0.9656118910841184,1
163,S100P,THREONINE-N-O-O-TMS-1M/z293,0.9591537989143911,1
164,S100P,FUMARICACID-2TMS-1M/z246,0.9722197206968116,1
165,S100P,LEUCINE-N-O-TMS-1M/z158,0.9610402326615431,1
166,ENPP7,CLEC4C,0.959509198728501,0
167,ENPP7,TAURINE-3TMS-1M/z328,0.9858787006055243,0
168,LAMP3,RABEP2,0.9912808006184715,1
169,LAMP3,ast,0.9638699879219301,0
170,LAMP3,FGF-19,0.9735446886887887,0
171,LAMP3,CD244,0.9830873675057967,1
172,LAMP3,PD-L1,0.9885842241654434,0
173,LAMP3,NFATC3,0.9777718914557397,0
174,LAMP3,CCL19,0.9908325613246926,0
175,LAMP3,FRUCTOSE-MEOX5TMS_1-1M/z366,0.9914734155209222,0
176,LAMP3,GAMMA-TOCOPHEROL-TMS-1,0.9804025763104118,1
177,LAMP3,ISOERYTHRITOL-4TMS-1M/z277,0.9501326629618518,0
178,LAMP3,ERYTHRITOL-4TMS-1M/z277,0.9515967085638397,0
179,LAMP3,SORBOSE-MEOX5TMS_1-1M/z364,0.9595078971165693,0
180,LAMP3,INOSINE-4TMS-1M/z217,0.9808828539289363,1
181,LAMP3,CHOLESTEROL-TMS-1M/z247,0.9963305574557312,0
182,FGF-19,RABEP2,0.963587897331404,0
183,FGF-19,TMED10P1,0.9549809035255251,0
184,FGF-19,ast,0.9780675733981248,1
185,FGF-19,TRAIL,0.9684164265783096,1
186,FGF-19,LAMP3,0.9735446886887887,0
187,FGF-19,CD244,0.9937043816735375,0
188,FGF-19,PD-L1,0.9925441151987381,1
189,FGF-19,CCL19,0.9852521993411911,1
190,FGF-19,FRUCTOSE-MEOX5TMS_1-1M/z366,0.9945615156134875,1
191,FGF-19,GAMMA-TOCOPHEROL-TMS-1,0.9884887005714728,0
192,FGF-19,HEPTADECANOICACID-TMS-1M/z132,0.9602123780503528,0
193,FGF-19,INOSINE-4TMS-1M/z217,0.9596784093254827,0
194,FGF-19,CHOLESTEROL-TMS-1M/z247,0.956528824084519,1
195,CLEC6A,GLRX,0.9653591947951592,0
196,CLEC6A,NAPROXEN-TMS-1M/z303,0.9976044607519365,0
197,CLEC6A,PYROGLUTAMICACID-N-O-TMS-1M/z159,0.9995399308668326,0
198,SUMF2,AMOTL1,0.9884996442901607,0
199,SUMF2,CCL20,0.9982948844217331,0
200,SUMF2,LRP11,0.9970973623188594,0
201,SUMF2,TYMP,0.9834221236025387,0
202,SUMF2,NCR1,0.999809033040098,0
203,SUMF2,TNFSF14,0.9754545110896177,0
204,SUMF2,SALICYLICACID-2TMS-1M/z268,0.9747305898823457,0
205,SUMF2,Myo_Inositol_phosphate_Ri2399Mz299,0.9991915656150873,0
206,SUMF2,OCTADECANOICACID-TMS-1M/z313,0.9818072288191887,0
207,SUMF2,OCTADECADIENOICACID-9-12-(Z-Z)-TMS-1M/z337,0.9650455033546712,0
208,NADK,LOC100128398,0.9977912191508289,0
209,NADK,leukocytes,0.9505872333597998,0
210,NADK,hemoglobin,0.9602575549574199,0
211,NADK,ALDH1A1,0.9833458624688903,1
212,NADK,TPSAB1,0.9924339292353964,1
213,NADK,CCL3,0.9853914952464141,1
214,NADK,CXADR,0.9849344307355854,1
215,NADK,MILR1,0.9931105913896837,1
216,NADK,IL10,0.9956529040865177,0
217,NADK,CX3CL1,0.9833228524124298,1
218,NADK,HYPOXANTHINE-2TMS-1M/z282,0.9930948199671251,1
219,TRAF2,ZC2HC1A,0.9513811604098201,1
220,TRAF2,GLUTAMINE-N-N-O-TMS_1-1M/z347,0.9685704167227658,1
221,TRAF2,SALICYLICACID-2TMS-1M/z268,0.9763735776248895,1
222,TRAF2,Myo_Inositol_phosphate_Ri2399Mz299,0.9886781460846007,1
223,TRAF2,OCTADECANOICACID-TMS-1M/z313,0.9634930290614236,1
224,TRAF2,LAMINARIBIOSE-MEOX8TMS_2-1M/z361,0.9553820268234093,1
225,TRAF2,OCTADECADIENOICACID-9-12-(Z-Z)-TMS-1M/z337,0.9787270383541125,1
226,CD2AP,MAN2C1,0.9763785667553482,1
227,CD2AP,SNX9,0.9821462811182482,1
228,CD2AP,creatinine,0.953350712392322,1
229,CD2AP,leukocytes,0.9512215131376313,1
230,CD2AP,CLEC4C,0.9685723811986683,0
231,CD2AP,APEX1,0.9629665313589933,1
232,CD2AP,EGLN1,0.9636414881685733,1
233,CD2AP,CRKL,0.9562142742969416,1
234,CD2AP,Tryptophan_Ri2161Mz202,0.9667519784785668,1
235,CD2AP,GLYCINE-N-N-O-TMS-1M/z246,0.9542464796865637,1
236,CD2AP,HYPOXANTHINE-2TMS-1M/z282,0.9945551133530646,0
237,CLEC4C,ENPP7,0.959509198728501,0
238,CLEC4C,CD2AP,0.9685723811986683,0
239,CLEC4C,APEX1,0.9967462023717036,0
240,CLEC4C,CRKL,0.9791653953708063,0
241,CLEC4C,LYSINE-N-N-O-TMS_1-1M/z102,0.9815749411283905,0
242,CLEC4C,GLYCINE-N-N-O-TMS-1M/z246,0.9557777878394846,0
243,CLEC4C,HYPOXANTHINE-2TMS-1M/z282,0.9948628867737381,1
244,CLEC4C,TRYPTOPHAN-N-N-O-TMS-1M/z303,0.9563788015890531,0
245,LRP11,AMOTL1,0.9833950852884261,1
246,LRP11,CCL20,0.9988721461716178,1
247,LRP11,SUMF2,0.9970973623188594,0
248,LRP11,TYMP,0.9912594851679739,1
249,LRP11,NCR1,0.9973012682870105,1
250,LRP11,TNFSF14,0.9768320080571293,1
251,LRP11,SALICYLICACID-2TMS-1M/z268,0.9643945142639262,1
252,LRP11,Myo_Inositol_phosphate_Ri2399Mz299,0.997977672648046,1
253,LRP11,OCTADECANOICACID-TMS-1M/z313,0.9792856958743716,1
254,LRP11,OCTADECADIENOICACID-9-12-(Z-Z)-TMS-1M/z337,0.9626920931993307,1
255,AXIN1,TYMP,0.9727186167903317,0
256,AXIN1,URICACID-N-O-O-O-TMS-1M/z72,0.9626976498681878,0
257,AXIN1,LYSINE-N-N-O-TMS_3-1,0.9608868461311796,0
258,AXIN1,OCTADECADIENOICACID-9-12-(Z-Z)-TMS-1M/z337,0.9953353265908368,0
259,CTSO,SH2D1A,0.9633450907174942,0
260,CTSO,BACH1,0.9519315636544801,0
261,CTSO,ISOLEUCINE-N-O-TMS-1M/z233,0.9709776436957458,0
262,CTSO,TYROSINE-N-O-O-TMS-1M/z382,0.9734436591099188,0
263,CTSO,VALINE-N-O-TMS-1M/z246,0.9604968143055842,0
264,CTSO,FUMARICACID-2TMS-1M/z246,0.987239732588351,0
265,CTSO,LEUCINE-N-O-TMS-1M/z158,0.9777381360176441,0
266,CTSO,ORNITHINE-N-N-O-TMS_1-1M/z144,0.9559516676873229,0
267,CTSO,ACONITICACID-trans-3TMS-1,0.9773553380508092,1
268,ALDH1A1,LOC100128398,0.9828470454893466,0
269,ALDH1A1,monocytes,0.9752091454183305,0
270,ALDH1A1,hemoglobin,0.9666444376718465,0
271,ALDH1A1,NADK,0.9833458624688903,1
272,ALDH1A1,TPSAB1,0.9918998852227763,1
273,ALDH1A1,CCL3,0.9977557976616925,1
274,ALDH1A1,CXADR,0.9924289944175706,1
275,ALDH1A1,MILR1,0.9946210717321256,1
276,ALDH1A1,IL10,0.9959459557768585,0
277,ALDH1A1,CX3CL1,0.9957489669137228,1
278,ALDH1A1,LYSINE-N-N-O-TMS_1-1M/z102,0.989863594123112,0
279,ALDH1A1,HYPOXANTHINE-2TMS-1M/z282,0.980446989654493,1
280,ALDH1A1,TRYPTOPHAN-N-N-O-TMS-1M/z303,0.9623699278856699,0
281,APEX1,CD2AP,0.9629665313589933,1
282,APEX1,CLEC4C,0.9967462023717036,0
283,APEX1,GRAP2,0.961428511869157,1
284,APEX1,EGLN1,0.9570557305564098,1
285,APEX1,CRKL,0.9608651471441747,1
286,APEX1,LYSINE-N-N-O-TMS_1-1M/z102,0.9956585812168375,1
287,APEX1,GLYCINE-N-N-O-TMS-1M/z246,0.9555703166150776,1
288,APEX1,HYPOXANTHINE-2TMS-1M/z282,0.9767658974528485,0
289,APEX1,TRYPTOPHAN-N-N-O-TMS-1M/z303,0.9749458946843069,1
290,TYMP,AMOTL1,0.9745405837061436,1
291,TYMP,CCL20,0.9922031157237733,1
292,TYMP,SUMF2,0.9834221236025387,0
293,TYMP,LRP11,0.9912594851679739,1
294,TYMP,AXIN1,0.9727186167903317,0
295,TYMP,NCR1,0.9858885409228022,1
296,TYMP,SALICYLICACID-2TMS-1M/z268,0.9622161953616288,1
297,TYMP,Myo_Inositol_phosphate_Ri2399Mz299,0.9947117899177473,1
298,TYMP,OCTADECANOICACID-TMS-1M/z313,0.9678519930192986,1
299,TYMP,OCTADECADIENOICACID-9-12-(Z-Z)-TMS-1M/z337,0.9788900989956336,1
300,TPSAB1,MAN2C1,0.9643528333994338,0
301,TPSAB1,LOC100128398,0.9882022192854825,0
302,TPSAB1,monocytes,0.9759034230875335,0
303,TPSAB1,leukocytes,0.9700983804351905,0
304,TPSAB1,hemoglobin,0.9849554049356974,0
305,TPSAB1,NADK,0.9924339292353964,1
306,TPSAB1,ALDH1A1,0.9918998852227763,1
307,TPSAB1,CCL3,0.996693660090358,1
308,TPSAB1,CXADR,0.9985863518166228,1
309,TPSAB1,MILR1,0.9995494034266466,1
310,TPSAB1,IL10,0.996415702905009,0
311,TPSAB1,CX3CL1,0.9974608814489271,1
312,TPSAB1,LYSINE-N-N-O-TMS_1-1M/z102,0.9741385607185711,0
313,TPSAB1,HYPOXANTHINE-2TMS-1M/z282,0.9941020149888862,1
314,AHCY,TENM1,0.9620927944711692,0
315,AHCY,TSFM,0.9788688816818973,1
316,AHCY,PTPN1,0.9591195166880141,0
317,AHCY,PAG1,0.9587696972045069,1
318,AHCY,VEGFA,0.9755444446856744,0
319,AHCY,TINAGL1,0.9719272701191004,0
320,AHCY,FGF-21,0.9879514107248163,0
321,AHCY,SNAP23,0.952556884657375,1
322,AHCY,ADGRE2,0.9765482885078985,0
323,AHCY,NPTXR,0.9677564401238602,0
324,AHCY,Benzenebutanoic_acid_Ri2182Mz192,0.9890369416733701,1
325,AHCY,ISOERYTHRITOL-4TMS-1M/z277,0.9979346830739957,0
326,AHCY,ERYTHRITOL-4TMS-1M/z277,0.9981736091862984,0
327,AHCY,HEPTADECANOICACID-TMS-1M/z132,0.9866281867302896,1
328,AHCY,CHOLESTEROL-TMS-1M/z247,0.9644311178584664,0
329,AHCY,DODECANOICACID-TMS-1M/z257,0.9754599951589409,1
330,CD244,RABEP2,0.9762788589471656,1
331,CD244,TMED10P1,0.9688247814020867,1
332,CD244,ast,0.9856205488218027,0
333,CD244,TRAIL,0.9693997290673246,0
334,CD244,LAMP3,0.9830873675057967,1
335,CD244,FGF-19,0.9937043816735375,0
336,CD244,PD-L1,0.997961678573412,0
337,CD244,CCL19,0.9962988120150582,0
338,CD244,FRUCTOSE-MEOX5TMS_1-1M/z366,0.9988508319923224,0
339,CD244,GAMMA-TOCOPHEROL-TMS-1,0.9989832937909897,1
340,CD244,INOSINE-4TMS-1M/z217,0.9844163974772621,1
341,CD244,CHOLESTEROL-TMS-1M/z247,0.968138253172569,0
342,CD244,LYXOSE-MEOX4TMS_1-1M/z104,0.9520751289079592,0
343,CD28,MPHOSPH9,0.961846815577523,0
344,CD28,BCKDHA,0.9768817761734674,0
345,CD28,SLC39A9,0.9953692060725777,1
346,CD28,TBKBP1,0.9557000902868626,1
347,CD28,TUFM,0.9502492898828401,0
348,CD28,HNRNPH1,0.9736253902455626,0
349,CD28,SPRYD3,0.9810373049891328,1
350,CD28,C11orf30,0.9925856651122018,1
351,CD28,INOSINE-4TMS-1M/z217,0.9779624998222934,1
352,CD28,SUCROSE-8TMS-1M/z362,0.9518195043941567,0
353,CD28,ACETAMINOPHEN-2TMS-1M/z297,0.9918177043278323,0
354,CLUL1,SERPINB6,0.982043422561988,0
355,CLUL1,NTF4,0.9979443139525201,0
356,CLUL1,APLP1,0.9869285079296064,0
357,CLUL1,GALNT3,0.9885403263714342,0
358,CLUL1,METRNL,0.9982245664760888,0
359,CLUL1,2-AMINOBUTYRICACID-O-N-TMS-1M/z130,0.9678652471399332,0
360,DAPP1,ISOLEUCINE-N-O-TMS-1M/z233,0.984867631314703,1
361,DAPP1,MALTOSE-MEOX8TMS_1-1M/z361,0.9581029189858513,1
362,DAPP1,TYROSINE-N-O-O-TMS-1M/z382,0.9638715842250971,1
363,DAPP1,THREONINE-N-O-O-TMS-1M/z293,0.9759815956183943,1
364,DAPP1,FUMARICACID-2TMS-1M/z246,0.970397397048555,1
365,DAPP1,LEUCINE-N-O-TMS-1M/z158,0.979450986674009,1
366,DAPP1,ORNITHINE-N-N-O-TMS_1-1M/z144,0.9605280158442301,1
367,MMP-10,ZNF208,0.9552214267688335,1
368,MMP-10,RANKL,0.9654033939122337,1
369,MMP-10,DCTN1,0.9820236199447578,0
370,MMP-10,TRIM21,0.9668211771841645,1
371,MMP-10,2-AMINOBUTYRICACID-O-N-TMS-1M/z130,0.9796024529626725,1
372,NCR1,AMOTL1,0.9902873173637943,1
373,NCR1,CCL20,0.9990092104186059,1
374,NCR1,SUMF2,0.999809033040098,0
375,NCR1,LRP11,0.9973012682870105,1
376,NCR1,TYMP,0.9858885409228022,1
377,NCR1,TNFSF14,0.9730131822600577,1
378,NCR1,SALICYLICACID-2TMS-1M/z268,0.9732018387899884,1
379,NCR1,Myo_Inositol_phosphate_Ri2399Mz299,0.9983549307745053,1
380,NCR1,OCTADECANOICACID-TMS-1M/z313,0.9785844454421968,1
381,NCR1,OCTADECADIENOICACID-9-12-(Z-Z)-TMS-1M/z337,0.9694206820737452,1
382,MCP1,LYSINE-N-N-O-TMS_1-1M/z102,0.9802049105594574,1
383,MCP1,HYPOXANTHINE-2TMS-1M/z282,0.991942457999544,0
384,AREG,VAT1,0.9706336844701047,1
385,AREG,LOC148696,0.9592096728563413,1
386,AREG,ORNITHINE-N-N-N-O-TMS_2-1M/z420,0.996461511451629,1
387,AREG,TYROSINE-N-O-O-TMS-1M/z382,0.9534397859871804,1
388,AREG,ASPARAGINE-N-N-O-TMS-1M/z231,0.9924582347468777,1
389,AREG,SERINE-N-O-O-TMS-1M/z307,0.9897280074808039,1
390,AREG,LYSINE-N-N-N-O-TMS_2-1,0.9709415918996844,1
391,AREG,PHENYLALANINE-N-O-TMS-1M/z268,0.9708838145060216,1
392,AREG,MALICACID-3TMS-1M/z245,0.9744051497192044,1
393,AREG,THREONINE-N-O-O-TMS-1M/z293,0.9641751545913649,1
394,AREG,ORNITHINE-N-N-O-TMS_1-1M/z144,0.9713830756799289,1
395,AREG,CYSTEINE-N-O-S-TMS-1M/z218,0.9864832879160025,1
396,AREG,3-HYDROXYBUTYRICACID-2TMS-1M/z204,0.9591156955577899,1
397,ITGA11,MMP-1,0.9681291975050607,1
398,ITGA11,LYSINE-N-N-O-TMS_1-1M/z102,0.9789000635035083,0
399,ITGA11,HYPOXANTHINE-2TMS-1M/z282,0.9928353908432456,1
400,MMP-1,ITGA11,0.9681291975050607,1
401,MMP-1,LYSINE-N-N-O-TMS_1-1M/z102,0.9714250652152234,0
402,MMP-1,Tryptophan_Ri2161Mz202,0.9566915736604922,0
403,MMP-1,GLYCINE-N-N-O-TMS-1M/z246,0.9922246015788454,0
404,MMP-1,HYPOXANTHINE-2TMS-1M/z282,0.9783637370125057,1
405,MMP-1,TRYPTOPHAN-N-N-O-TMS-1M/z303,0.9709393368012219,0
406,MMP-1,MALTOSE-MEOX8TMS_1-1M/z361,0.9646023345465081,0
407,MMP-1,CELLOBIOSE-MEOX8TMS_2-1M/z361,0.9714506515613162,0
408,SERPINB6,CLUL1,0.982043422561988,0
409,SERPINB6,NTF4,0.971141245172104,1
410,SERPINB6,GALNT3,0.9650513321085056,1
411,SERPINB6,METRNL,0.9779444169229499,1
412,SERPINB6,2-AMINOBUTYRICACID-O-N-TMS-1M/z130,0.952785686780895,1
413,PAG1,TSFM,0.9636392435495549,1
414,PAG1,AHCY,0.9587696972045069,1
415,PAG1,VEGFA,0.983762500630054,0
416,PAG1,TINAGL1,0.9964381686422492,0
417,PAG1,FGF-21,0.9778741959014171,0
418,PAG1,SNAP23,0.9994035809353523,1
419,PAG1,ADGRE2,0.9931585826440406,0
420,PAG1,NPTXR,0.990504760384794,0
421,PAG1,LYSINE-N-N-O-TMS_1-1M/z102,0.9588166957285168,1
422,PAG1,ISOLEUCINE-N-O-TMS-1M/z233,0.9583682425750544,1
423,PAG1,TRYPTOPHAN-N-N-O-TMS-1M/z303,0.978555338454567,1
424,PAG1,MALTOSE-MEOX8TMS_1-1M/z361,0.975201697307397,1
425,PAG1,CELLOBIOSE-MEOX8TMS_2-1M/z361,0.964003558935385,1
426,PAG1,FUMARICACID-2TMS-1M/z246,0.9774992318877559,1
427,PAG1,LEUCINE-N-O-TMS-1M/z158,0.9531889629561758,1
428,TXNDC5,LOC283070,0.9914546991370896,1
429,TXNDC5,Flt3L,0.9564277548805985,1
430,TXNDC5,PSIP1,0.982648302464057,1
431,TXNDC5,CD6,0.982099085417217,1
432,TXNDC5,MCP-2,0.986267596348187,1
433,TXNDC5,GHRL,0.9890929166016645,1
434,TXNDC5,ISOLEUCINE-N-O-TMS-1M/z233,0.955528370369527,1
435,TXNDC5,ORNITHINE-N-N-N-O-TMS_2-1M/z420,0.9921805982731409,1
436,TXNDC5,TYROSINE-N-O-O-TMS-1M/z382,0.954799651062348,1
437,TXNDC5,1-MONOPALMITOYLGLYCEROL-2TMS-1M/z371,0.9553229915054551,1
438,TXNDC5,ASPARAGINE-N-N-O-TMS-1M/z231,0.9914004544442945,1
439,TXNDC5,SERINE-N-O-O-TMS-1M/z307,0.9951560492006153,1
440,TXNDC5,LYSINE-N-N-N-O-TMS_2-1,0.9636486235256828,1
441,TXNDC5,PHENYLALANINE-N-O-TMS-1M/z268,0.9592571153732761,1
442,TXNDC5,MALICACID-3TMS-1M/z245,0.9621862645618667,1
443,TXNDC5,THREONINE-N-O-O-TMS-1M/z293,0.9765702978966744,1
444,TXNDC5,ORNITHINE-N-N-O-TMS_1-1M/z144,0.9718285909665728,1
445,TXNDC5,CYSTEINE-N-O-S-TMS-1M/z218,0.980257629353803,1
446,TXNDC5,3-HYDROXYBUTYRICACID-2TMS-1M/z204,0.9570401432470571,1
447,LY75,ZBTB10,0.9792099083370521,0
448,LY75,GLUTAMINE-N-N-O-TMS_1-1M/z347,0.9504185782272775,0
449,LY75,SALICYLICACID-2TMS-1M/z268,0.9749844556594756,0
450,LY75,Myo_Inositol_phosphate_Ri2399Mz299,0.9956813423151777,0
451,LY75,OCTADECANOICACID-TMS-1M/z313,0.9730755501634725,0
452,LY75,OCTADECADIENOICACID-9-12-(Z-Z)-TMS-1M/z337,0.9754864944699199,0
453,FAM3C,Benzenebutanoic_acid_Ri2182Mz192,0.9629323658460256,1
454,FAM3C,ISOERYTHRITOL-4TMS-1M/z277,0.9898647213932559,0
455,FAM3C,ERYTHRITOL-4TMS-1M/z277,0.9899947666440715,0
456,FAM3C,HEPTADECANOICACID-TMS-1M/z132,0.9998825513280984,1
457,FAM3C,DODECANOICACID-TMS-1M/z257,0.9977920723392075,1
458,NTF4,CLUL1,0.9979443139525201,0
459,NTF4,SERPINB6,0.971141245172104,1
460,NTF4,APLP1,0.9946906869597117,1
461,NTF4,GALNT3,0.9894724475805264,1
462,NTF4,METRNL,0.9992878155764923,1
463,NTF4,2-AMINOBUTYRICACID-O-N-TMS-1M/z130,0.9783945446019149,1
464,GRAP2,creatinine,0.9548405666508807,1
465,GRAP2,S100P,0.9547967664465157,1
466,GRAP2,APEX1,0.961428511869157,1
467,GRAP2,EGLN1,0.9568813121692239,1
468,GRAP2,LYSINE-N-N-O-TMS_1-1M/z102,0.970027038430546,1
469,GRAP2,TRYPTOPHAN-N-N-O-TMS-1M/z303,0.9831542024896643,1
470,GRAP2,MALTOSE-MEOX8TMS_1-1M/z361,0.9750339612188036,1
471,GRAP2,CELLOBIOSE-MEOX8TMS_2-1M/z361,0.963965068522721,1
472,GRAP2,FUMARICACID-2TMS-1M/z246,0.9762123191616131,1
473,VEGFA,ZNF385D,0.9557905857152414,1
474,VEGFA,TENM1,0.9775368708267078,1
475,VEGFA,PTPN1,0.9830766458475428,1
476,VEGFA,AHCY,0.9755444446856744,0
477,VEGFA,PAG1,0.983762500630054,0
478,VEGFA,TINAGL1,0.9949110247888869,1
479,VEGFA,FGF-21,0.9915262453924184,1
480,VEGFA,SNAP23,0.9806467582417991,0
481,VEGFA,ADGRE2,0.997646771399996,1
482,VEGFA,NPTXR,0.9983679272999753,1
483,VEGFA,DPP7,0.955271295281384,0
484,VEGFA,ISOLEUCINE-N-O-TMS-1M/z233,0.9810199890199884,1
485,VEGFA,ORNITHINE-N-N-N-O-TMS_2-1M/z420,0.9648106705460521,1
486,VEGFA,TYROSINE-N-O-O-TMS-1M/z382,0.9950148426051216,1
487,VEGFA,ASPARAGINE-N-N-O-TMS-1M/z231,0.9776857364937375,1
488,VEGFA,PHENYLALANINE-N-O-TMS-1M/z268,0.9700029718139709,1
489,VEGFA,VALINE-N-O-TMS-1M/z246,0.9954304882065691,1
490,VEGFA,LEUCINE-N-O-TMS-1M/z158,0.9858017298725583,1
491,VEGFA,ORNITHINE-N-N-O-TMS_1-1M/z144,0.9927453775150398,1
492,VEGFA,ACONITICACID-trans-3TMS-1,0.9985703374368935,0
493,CNTNAP2,ZC2HC1A,0.9871621704103833,0
494,CNTNAP2,SALICYLICACID-2TMS-1M/z268,0.9799691533073042,0
495,CNTNAP2,Myo_Inositol_phosphate_Ri2399Mz299,0.9965331379122448,0
496,CNTNAP2,OCTADECANOICACID-TMS-1M/z313,0.9772443467361698,0
497,CNTNAP2,OCTADECADIENOICACID-9-12-(Z-Z)-TMS-1M/z337,0.9705791711848009,0
498,SH2D1A,ZNF208,0.9784123160561413,1
499,SH2D1A,CTSO,0.9633450907174942,0
500,SH2D1A,BACH1,0.9731783278501154,1
501,SH2D1A,VALINE-N-O-TMS-1M/z246,0.9527492704582977,1
502,SH2D1A,FUMARICACID-2TMS-1M/z246,0.9671460516731304,1
503,SH2D1A,ACONITICACID-trans-3TMS-1,0.965059383598965,0
504,TNFRSF9,MCP3,0.9949032716427805,0
505,TNFRSF9,ISOLEUCINE-N-O-TMS-1M/z233,0.9813013762574914,1
506,TNFRSF9,ORNITHINE-N-N-N-O-TMS_2-1M/z420,0.9902824875148307,1
507,TNFRSF9,TYROSINE-N-O-O-TMS-1M/z382,0.9801216132652322,1
508,TNFRSF9,ASPARAGINE-N-N-O-TMS-1M/z231,0.997293726462816,1
509,TNFRSF9,SERINE-N-O-O-TMS-1M/z307,0.9854429266938327,1
510,TNFRSF9,PHENYLALANINE-N-O-TMS-1M/z268,0.9613884933716189,1
511,TNFRSF9,THREONINE-N-O-O-TMS-1M/z293,0.9788514790943558,1
512,TNFRSF9,LEUCINE-N-O-TMS-1M/z158,0.9770655104428639,1
513,TNFRSF9,ORNITHINE-N-N-O-TMS_1-1M/z144,0.990191109680816,1
514,TNFRSF9,CYSTEINE-N-O-S-TMS-1M/z218,0.9572905065269509,1
515,TNFRSF9,ACONITICACID-trans-3TMS-1,0.9539998797392129,0
516,Flt3L,TXNDC5,0.9564277548805985,1
517,Flt3L,PSIP1,0.9785017091428114,1
518,Flt3L,MCP-2,0.9900211099682092,1
519,Flt3L,URICACID-N-O-O-O-TMS-1M/z72,0.9763790389010296,1
520,Flt3L,1-MONOPALMITOYLGLYCEROL-2TMS-1M/z371,0.9975668302131185,1
521,Flt3L,LYSINE-N-N-O-TMS_3-1,0.9658856287907804,1
522,Flt3L,SERINE-N-O-O-TMS-1M/z307,0.9711609921883207,1
523,Flt3L,LYSINE-N-N-N-O-TMS_2-1,0.9564815990771507,1
524,Flt3L,CYSTEINE-N-O-S-TMS-1M/z218,0.9525620807898982,1
525,Flt3L,3-HYDROXYBUTYRICACID-2TMS-1M/z204,0.9833167856547668,1
526,Flt3L,LAMINARIBIOSE-MEOX8TMS_2-1M/z361,0.9658391240893353,1
527,Flt3L,OCTADECADIENOICACID-9-12-(Z-Z)-TMS-1M/z337,0.9649562848016512,1
528,TINAGL1,TENM1,0.9525859382821308,1
529,TINAGL1,TSFM,0.960254845918041,0
530,TINAGL1,PTPN1,0.9613695061094942,1
531,TINAGL1,AHCY,0.9719272701191004,0
532,TINAGL1,PAG1,0.9964381686422492,0
533,TINAGL1,VEGFA,0.9949110247888869,1
534,TINAGL1,FGF-21,0.9869176374669973,1
535,TINAGL1,SNAP23,0.9940287458942524,0
536,TINAGL1,ADGRE2,0.9993899367700211,1
537,TINAGL1,NPTXR,0.998009312634663,1
538,TINAGL1,ISOLEUCINE-N-O-TMS-1M/z233,0.9727714502672183,0
539,TINAGL1,TYROSINE-N-O-O-TMS-1M/z382,0.9611685218871955,0
540,TINAGL1,FUMARICACID-2TMS-1M/z246,0.9999232968419481,0
541,TINAGL1,LEUCINE-N-O-TMS-1M/z158,0.9753695460375612,0
542,APLP1,SAMM50,0.9609053913106883,0
543,APLP1,CLUL1,0.9869285079296064,0
544,APLP1,NTF4,0.9946906869597117,1
545,APLP1,GALNT3,0.9900539790088798,1
546,APLP1,METRNL,0.9927994071897749,1
547,APLP1,2-AMINOBUTYRICACID-O-N-TMS-1M/z130,0.9940623183928423,1
548,CLMP,GLUTAMINE-N-N-O-TMS_1-1M/z347,0.9645311777365415,1
549,CLMP,SALICYLICACID-2TMS-1M/z268,0.9795428672588069,1
550,CLMP,CITRICACID-4TMS-1M/z465,0.9939345066322556,1
551,CLMP,LACTOSE-MEOX8TMS_1-1M/z204,0.9644592717165599,0
552,CLMP,ISOCITRICACID-4TMS-1M/z466,0.9850345587787434,1
553,FCRL1,CCL7,0.9622319109117057,0
554,FCRL1,basophils,0.9964360641477065,1
555,FCRL1,GALACTURONICACID-MEOX5TMS_2-1M/z334,0.9647585636546071,0
556,FCRL1,Benzenebutanoic_acid_Ri2182Mz192,0.9653611660503136,1
557,FCRL1,GLUCURONICACID-MEOX5TMS_2-1M/z334,0.9635543185416806,0
558,FCRL1,ISOERYTHRITOL-4TMS-1M/z277,0.9819662099033284,0
559,FCRL1,ERYTHRITOL-4TMS-1M/z277,0.9813836502487062,0
560,FCRL1,HEPTADECANOICACID-TMS-1M/z132,0.9881344655991549,1
561,FCRL1,DODECANOICACID-TMS-1M/z257,0.9959829446127149,1
562,PSIP1,LOC283070,0.9680516119164891,1
563,PSIP1,TXNDC5,0.982648302464057,1
564,PSIP1,Flt3L,0.9785017091428114,1
565,PSIP1,MCP-2,0.9859540457995923,1
566,PSIP1,ORNITHINE-N-N-N-O-TMS_2-1M/z420,0.9614099245029056,1
567,PSIP1,1-MONOPALMITOYLGLYCEROL-2TMS-1M/z371,0.9897634328030248,1
568,PSIP1,ASPARAGINE-N-N-O-TMS-1M/z231,0.9595535242443146,1
569,PSIP1,SERINE-N-O-O-TMS-1M/z307,0.9977771079914376,1
570,PSIP1,LYSINE-N-N-N-O-TMS_2-1,0.960401440605279,1
571,PSIP1,THREONINE-N-O-O-TMS-1M/z293,0.9829395279311898,1
572,PSIP1,CYSTEINE-N-O-S-TMS-1M/z218,0.9696438853712177,1
573,PSIP1,3-HYDROXYBUTYRICACID-2TMS-1M/z204,0.9728580676095251,1
574,DCTN1,platelets,0.9662224743913553,0
575,DCTN1,RANKL,0.9694694801285563,0
576,DCTN1,MMP-10,0.9820236199447578,0
577,DCTN1,2-AMINOBUTYRICACID-O-N-TMS-1M/z130,0.9973163519611298,0
578,DCTN1,ALPHA-TOCOPHEROL-TMS-1M/z504,0.9504468748573683,1
579,PD-L1,RABEP2,0.9868558009265371,0
580,PD-L1,TMED10P1,0.9531511859307152,0
581,PD-L1,ast,0.9744843979125942,1
582,PD-L1,TRAIL,0.975772360411408,1
583,PD-L1,LAMP3,0.9885842241654434,0
584,PD-L1,FGF-19,0.9925441151987381,1
585,PD-L1,CD244,0.997961678573412,0
586,PD-L1,NFATC3,0.9570165438573045,1
587,PD-L1,CCL19,0.9986414979100988,1
588,PD-L1,FRUCTOSE-MEOX5TMS_1-1M/z366,0.9997287014355348,1
589,PD-L1,GAMMA-TOCOPHEROL-TMS-1,0.9958947659761223,0
590,PD-L1,INOSINE-4TMS-1M/z217,0.9861496483542188,0
591,PD-L1,CHOLESTEROL-TMS-1M/z247,0.9809584519503347,1
592,CCL3,LOC100128398,0.9812318009956309,0
593,CCL3,monocytes,0.9831530472902124,0
594,CCL3,leukocytes,0.9545225679730083,0
595,CCL3,hemoglobin,0.9808169919559792,0
596,CCL3,NADK,0.9853914952464141,1
597,CCL3,ALDH1A1,0.9977557976616925,1
598,CCL3,TPSAB1,0.996693660090358,1
599,CCL3,CXADR,0.9980459144309805,1
600,CCL3,MILR1,0.9974076478557331,1
601,CCL3,IL10,0.9960900169507235,0
602,CCL3,CX3CL1,0.999182732406005,1
603,CCL3,LYSINE-N-N-O-TMS_1-1M/z102,0.9856395247297128,0
604,CCL3,HYPOXANTHINE-2TMS-1M/z282,0.9829788241898391,1
605,CCL3,TRYPTOPHAN-N-N-O-TMS-1M/z303,0.9549279522815648,0
606,EGLN1,MAN2C1,0.9681009993321918,1
607,EGLN1,monocytes,0.9806138463536901,1
608,EGLN1,creatinine,0.9740870432208796,1
609,EGLN1,hemoglobin,0.9844773832779734,1
610,EGLN1,CD2AP,0.9636414881685733,1
611,EGLN1,APEX1,0.9570557305564098,1
612,EGLN1,GRAP2,0.9568813121692239,1
613,EGLN1,CXADR,0.95506867458938,0
614,EGLN1,CX3CL1,0.9500605669215425,0
615,EGLN1,LYSINE-N-N-O-TMS_1-1M/z102,0.9959212238310928,1
616,EGLN1,GLYCINE-N-N-O-TMS-1M/z246,0.9530347308031755,1
617,EGLN1,HYPOXANTHINE-2TMS-1M/z282,0.9742211204284137,0
618,EGLN1,TRYPTOPHAN-N-N-O-TMS-1M/z303,0.9748629295797516,1
619,NFATC3,RABEP2,0.9816124338797504,0
620,NFATC3,CCL7,0.9796501187622938,1
621,NFATC3,LAMP3,0.9777718914557397,0
622,NFATC3,PD-L1,0.9570165438573045,1
623,NFATC3,CCL19,0.9570001187850975,1
624,NFATC3,FRUCTOSE-MEOX5TMS_1-1M/z366,0.9503235033680911,1
625,NFATC3,Benzenebutanoic_acid_Ri2182Mz192,0.9744020416416073,0
626,NFATC3,ISOERYTHRITOL-4TMS-1M/z277,0.9749260814888406,1
627,NFATC3,ERYTHRITOL-4TMS-1M/z277,0.9755989021132838,1
628,NFATC3,SORBOSE-MEOX5TMS_2-1,0.9692225231177103,1
629,NFATC3,SORBOSE-MEOX5TMS_1-1M/z364,0.9808475286730294,1
630,NFATC3,HEPTADECANOICACID-TMS-1M/z132,0.9501991687128778,0
631,NFATC3,CHOLESTEROL-TMS-1M/z247,0.9884810992994487,1
632,FGF-21,ZNF385D,0.9622277218983182,1
633,FGF-21,TENM1,0.9686299205526306,1
634,FGF-21,TSFM,0.9698039089368183,0
635,FGF-21,PTPN1,0.9680928264830152,1
636,FGF-21,AHCY,0.9879514107248163,0
637,FGF-21,PAG1,0.9778741959014171,0
638,FGF-21,VEGFA,0.9915262453924184,1
639,FGF-21,TINAGL1,0.9869176374669973,1
640,FGF-21,SNAP23,0.976126029880606,0
641,FGF-21,ADGRE2,0.9905005248771585,1
642,FGF-21,NPTXR,0.9863020655980742,1
643,FGF-21,GALACTURONICACID-MEOX5TMS_2-1M/z334,0.9512058272770828,1
644,FGF-21,GLUCURONICACID-MEOX5TMS_2-1M/z334,0.9521971208188037,1
645,FGF-21,HEXADECANOICACID-TMS-1M/z171,0.9753340240602962,0
646,SNAP23,TSFM,0.9611672361744708,1
647,SNAP23,AHCY,0.952556884657375,1
648,SNAP23,PAG1,0.9994035809353523,1
649,SNAP23,VEGFA,0.9806467582417991,0
650,SNAP23,TINAGL1,0.9940287458942524,0
651,SNAP23,FGF-21,0.976126029880606,0
652,SNAP23,ADGRE2,0.9903476816322895,0
653,SNAP23,NPTXR,0.9878785154645153,0
654,SNAP23,LYSINE-N-N-O-TMS_1-1M/z102,0.9777273275701307,1
655,SNAP23,GLYCINE-N-N-O-TMS-1M/z246,0.9794509201679141,1
656,SNAP23,TRYPTOPHAN-N-N-O-TMS-1M/z303,0.997174005585811,1
657,SNAP23,MALTOSE-MEOX8TMS_1-1M/z361,0.9984362342594635,1
658,SNAP23,CELLOBIOSE-MEOX8TMS_2-1M/z361,0.9950455538065944,1
659,CXADR,MAN2C1,0.9660070998005751,0
660,CXADR,LOC100128398,0.9794250491216965,0
661,CXADR,monocytes,0.986046300739853,0
662,CXADR,leukocytes,0.9694802738295778,0
663,CXADR,hemoglobin,0.990091393402267,0
664,CXADR,NADK,0.9849344307355854,1
665,CXADR,ALDH1A1,0.9924289944175706,1
666,CXADR,TPSAB1,0.9985863518166228,1
667,CXADR,CCL3,0.9980459144309805,1
668,CXADR,EGLN1,0.95506867458938,0
669,CXADR,MILR1,0.9977989463805672,1
670,CXADR,IL10,0.9931309298283976,0
671,CXADR,CX3CL1,0.9993301629533765,1
672,CXADR,LYSINE-N-N-O-TMS_1-1M/z102,0.9827881096327599,0
673,CXADR,HYPOXANTHINE-2TMS-1M/z282,0.9897192012727477,1
674,CXADR,TRYPTOPHAN-N-N-O-TMS-1M/z303,0.9527071938109399,0
675,TRIM21,ZNF208,0.9630072066081928,1
676,TRIM21,MCP2,0.9703267439460683,0
677,TRIM21,MMP-10,0.9668211771841645,1
678,TRIM21,BETA-ALANINE-N-O-TMS-1M/z218,0.9681199811676856,0
679,TRIM21,BENZOICACID-TMS-1,0.9864991132527825,0
680,KLK10,BCKDHA,0.9557811584750483,0
681,KLK10,SPRYD3,0.9577355420870199,1
682,KLK10,MZT1,0.981841319886086,0
683,KLK10,TMX4,0.9631678470854513,1
684,KLK10,OSM,0.997437319128813,0
685,KLK10,HCLS1,0.9777840409411046,0
686,KLK10,FRUCTOSE-MEOX5TMS_1-1M/z366,0.9999722723935089,0
687,KLK10,GAMMA-TOCOPHEROL-TMS-1,0.9966878506370689,1
688,KLK10,INOSINE-4TMS-1M/z217,0.9831426614532083,1
689,KLK10,CHOLESTEROL-TMS-1M/z247,0.9757938581157937,0
690,ADGRE2,TENM1,0.9623758007401937,1
691,ADGRE2,TSFM,0.9591341016473466,0
692,ADGRE2,PTPN1,0.9696658137270819,1
693,ADGRE2,AHCY,0.9765482885078985,0
694,ADGRE2,PAG1,0.9931585826440406,0
695,ADGRE2,VEGFA,0.997646771399996,1
696,ADGRE2,TINAGL1,0.9993899367700211,1
697,ADGRE2,FGF-21,0.9905005248771585,1
698,ADGRE2,SNAP23,0.9903476816322895,0
699,ADGRE2,NPTXR,0.9988527341817446,1
700,ADGRE2,ISOLEUCINE-N-O-TMS-1M/z233,0.9951454218174892,0
701,ADGRE2,TYROSINE-N-O-O-TMS-1M/z382,0.9953352743824121,0
702,ADGRE2,ASPARAGINE-N-N-O-TMS-1M/z231,0.9620938260609649,0
703,ADGRE2,VALINE-N-O-TMS-1M/z246,0.9714854643087755,0
704,ADGRE2,FUMARICACID-2TMS-1M/z246,0.98105781293614,0
705,ADGRE2,LEUCINE-N-O-TMS-1M/z158,0.9978638262114294,0
706,ADGRE2,ORNITHINE-N-N-O-TMS_1-1M/z144,0.9871702308059107,0
707,ADGRE2,ACONITICACID-trans-3TMS-1,0.9875045751532037,1
708,MILR1,MAN2C1,0.9578235655131043,0
709,MILR1,LOC100128398,0.9905249191189708,0
710,MILR1,monocytes,0.9741532702248606,0
711,MILR1,leukocytes,0.9666233291294304,0
712,MILR1,hemoglobin,0.9803486198732194,0
713,MILR1,NADK,0.9931105913896837,1
714,MILR1,ALDH1A1,0.9946210717321256,1
715,MILR1,TPSAB1,0.9995494034266466,1
716,MILR1,CCL3,0.9974076478557331,1
717,MILR1,CXADR,0.9977989463805672,1
718,MILR1,IL10,0.9980119083133383,0
719,MILR1,CX3CL1,0.9976633689850151,1
720,MILR1,LYSINE-N-N-O-TMS_1-1M/z102,0.9770523749680848,0
721,MILR1,HYPOXANTHINE-2TMS-1M/z282,0.9936590836863003,1
722,CD6,LOC283070,0.9788363324476781,1
723,CD6,TXNDC5,0.982099085417217,1
724,CD6,GHRL,0.996352239863263,1
725,CD6,ISOLEUCINE-N-O-TMS-1M/z233,0.9646785271647157,1
726,CD6,ORNITHINE-N-N-N-O-TMS_2-1M/z420,0.9966928815583936,1
727,CD6,TYROSINE-N-O-O-TMS-1M/z382,0.9786432306656223,1
728,CD6,ASPARAGINE-N-N-O-TMS-1M/z231,0.9963150334183839,1
729,CD6,SERINE-N-O-O-TMS-1M/z307,0.9584827469891538,1
730,CD6,PHENYLALANINE-N-O-TMS-1M/z268,0.9925780534771773,1
731,CD6,MALICACID-3TMS-1M/z245,0.9673117193304043,1
732,CD6,VALINE-N-O-TMS-1M/z246,0.9717905833104671,1
733,CD6,LEUCINE-N-O-TMS-1M/z158,0.9649177138182072,1
734,CD6,ORNITHINE-N-N-O-TMS_1-1M/z144,0.9890187022698416,1
735,CD6,CYSTEINE-N-O-S-TMS-1M/z218,0.9624431930091355,1
736,CD6,ACONITICACID-trans-3TMS-1,0.9707272063446885,0
737,MCP-2,LOC283070,0.969367461492185,1
738,MCP-2,TXNDC5,0.986267596348187,1
739,MCP-2,Flt3L,0.9900211099682092,1
740,MCP-2,PSIP1,0.9859540457995923,1
741,MCP-2,GHRL,0.9566027793243765,1
742,MCP-2,URICACID-N-O-O-O-TMS-1M/z72,0.9593843321369379,1
743,MCP-2,ORNITHINE-N-N-N-O-TMS_2-1M/z420,0.9601752565436011,1
744,MCP-2,1-MONOPALMITOYLGLYCEROL-2TMS-1M/z371,0.9910832986501513,1
745,MCP-2,ASPARAGINE-N-N-O-TMS-1M/z231,0.9546324200844105,1
746,MCP-2,SERINE-N-O-O-TMS-1M/z307,0.9953747574304423,1
747,MCP-2,LYSINE-N-N-N-O-TMS_2-1,0.9697181290784918,1
748,MCP-2,THREONINE-N-O-O-TMS-1M/z293,0.974169845701008,1
749,MCP-2,CYSTEINE-N-O-S-TMS-1M/z218,0.9758851016090931,1
750,MCP-2,3-HYDROXYBUTYRICACID-2TMS-1M/z204,0.9818294519164266,1
751,GLRX,CLEC6A,0.9653591947951592,0
752,GLRX,CLEC4A,0.9536563548826,1
753,GLRX,NAPROXEN-TMS-1M/z303,0.9628807623931276,1
754,GLRX,PYROGLUTAMICACID-N-O-TMS-1M/z159,0.9727794104605029,1
755,CCL19,RABEP2,0.9906868107719854,0
756,CCL19,TMED10P1,0.9518465795221632,0
757,CCL19,ast,0.9726044895080445,1
758,CCL19,TRAIL,0.9716183818843901,1
759,CCL19,LAMP3,0.9908325613246926,0
760,CCL19,FGF-19,0.9852521993411911,1
761,CCL19,CD244,0.9962988120150582,0
762,CCL19,PD-L1,0.9986414979100988,1
763,CCL19,NFATC3,0.9570001187850975,1
764,CCL19,FRUCTOSE-MEOX5TMS_1-1M/z366,0.997329165172151,1
765,CCL19,GAMMA-TOCOPHEROL-TMS-1,0.9953102964489361,0
766,CCL19,INOSINE-4TMS-1M/z217,0.9929797881572698,0
767,CCL19,CHOLESTEROL-TMS-1M/z247,0.9846359789841445,1
768,CCL19,ACETAMINOPHEN-2TMS-1M/z297,0.9585375645754144,1
769,OSM,SPRYD3,0.957882821575389,0
770,OSM,MZT1,0.9723905445921582,1
771,OSM,TMX4,0.9710437969545821,0
772,OSM,alt,0.9604105377487653,1
773,OSM,KLK10,0.997437319128813,0
774,OSM,HCLS1,0.9623954052822786,1
775,OSM,FRUCTOSE-MEOX5TMS_1-1M/z366,0.9989772479555729,1
776,OSM,GAMMA-TOCOPHEROL-TMS-1,0.9984052425853931,0
777,OSM,INOSINE-4TMS-1M/z217,0.9821326893022954,0
778,OSM,CHOLESTEROL-TMS-1M/z247,0.967319508590869,1
779,OSM,LYXOSE-MEOX4TMS_1-1M/z104,0.9507251132800204,1
780,BACH1,CTSO,0.9519315636544801,0
781,BACH1,SH2D1A,0.9731783278501154,1
782,BACH1,FUMARICACID-2TMS-1M/z246,0.9556914361828831,1
783,CLEC4A,GLRX,0.9536563548826,1
784,CLEC4A,BETA-ALANINE-N-N-O-TMS-1M/z304,0.963821034568601,0
785,CLEC4A,OCTADECANOICACID-TMS-1M/z313,0.9787841838898995,1
786,CLEC4A,PYROGLUTAMICACID-N-O-TMS-1M/z159,0.9591582880982809,1
787,IL10,LOC100128398,0.9938499920235904,1
788,IL10,monocytes,0.9637681614303548,1
789,IL10,hemoglobin,0.9681873030967244,1
790,IL10,NADK,0.9956529040865177,0
791,IL10,ALDH1A1,0.9959459557768585,0
792,IL10,TPSAB1,0.996415702905009,0
793,IL10,CCL3,0.9960900169507235,0
794,IL10,CXADR,0.9931309298283976,0
795,IL10,MILR1,0.9980119083133383,0
796,IL10,CX3CL1,0.9939219335210954,0
797,IL10,LYSINE-N-N-O-TMS_1-1M/z102,0.9738918559756762,1
798,IL10,HYPOXANTHINE-2TMS-1M/z282,0.9901620883665025,0
799,HCLS1,MPHOSPH9,0.9539693909024832,1
800,HCLS1,MZT1,0.9864296450763238,1
801,HCLS1,KLK10,0.9777840409411046,0
802,HCLS1,OSM,0.9623954052822786,1
803,HCLS1,FRUCTOSE-MEOX5TMS_1-1M/z366,0.973203931789448,1
804,HCLS1,Benzenebutanoic_acid_Ri2182Mz192,0.9610334266780503,0
805,HCLS1,GAMMA-TOCOPHEROL-TMS-1,0.952333988228943,0
806,HCLS1,ISOERYTHRITOL-4TMS-1M/z277,0.9727340875070362,1
807,HCLS1,ERYTHRITOL-4TMS-1M/z277,0.9737015412766796,1
808,HCLS1,SORBOSE-MEOX5TMS_1-1M/z364,0.9730357341713766,1
809,HCLS1,HEPTADECANOICACID-TMS-1M/z132,0.95737239318215,0
810,HCLS1,INOSINE-4TMS-1M/z217,0.954237263004917,0
811,HCLS1,CHOLESTEROL-TMS-1M/z247,0.9952773084264889,1
812,NPTXR,TENM1,0.9655745557011396,1
813,NPTXR,PTPN1,0.9741411070103146,1
814,NPTXR,AHCY,0.9677564401238602,0
815,NPTXR,PAG1,0.990504760384794,0
816,NPTXR,VEGFA,0.9983679272999753,1
817,NPTXR,TINAGL1,0.998009312634663,1
818,NPTXR,FGF-21,0.9863020655980742,1
819,NPTXR,SNAP23,0.9878785154645153,0
820,NPTXR,ADGRE2,0.9988527341817446,1
821,NPTXR,DPP7,0.9588528843146961,0
822,NPTXR,Kynuerine_Mz192Time:373.01to374.92Mass:192to192,0.9720229300683304,1
823,NPTXR,CREATININE-3TMS-1M/z329,0.9610113973214035,1
824,MCP4,GLUTAMINE-N-N-O-TMS_1-1M/z347,0.9532534147446762,1
825,MCP4,GLYCINE-N-N-O-TMS-1M/z246,0.9748276986384524,1
826,MCP4,MALTOSE-MEOX8TMS_1-1M/z361,0.9569279238263545,1
827,MCP4,CELLOBIOSE-MEOX8TMS_2-1M/z361,0.9684505508015945,1
828,GALNT3,CLUL1,0.9885403263714342,0
829,GALNT3,SERPINB6,0.9650513321085056,1
830,GALNT3,NTF4,0.9894724475805264,1
831,GALNT3,APLP1,0.9900539790088798,1
832,GALNT3,METRNL,0.989709153990428,1
833,GALNT3,2-AMINOBUTYRICACID-O-N-TMS-1M/z130,0.9881990970299207,1
834,CRKL,CD2AP,0.9562142742969416,1
835,CRKL,CLEC4C,0.9791653953708063,0
836,CRKL,APEX1,0.9608651471441747,1
837,CRKL,Tryptophan_Ri2161Mz202,0.9866788484445403,1
838,CRKL,HYPOXANTHINE-2TMS-1M/z282,0.9704912091887005,0
839,CRKL,ADENOSINE-5-MONOPHOSPHATE-5TMS-1M/z230,0.9631830212463863,1
840,CX3CL1,MAN2C1,0.9584319539869498,0
841,CX3CL1,LOC100128398,0.979415118154153,0
842,CX3CL1,monocytes,0.9868762871444797,0
843,CX3CL1,leukocytes,0.964906789867245,0
844,CX3CL1,hemoglobin,0.9859247785519405,0
845,CX3CL1,NADK,0.9833228524124298,1
846,CX3CL1,ALDH1A1,0.9957489669137228,1
847,CX3CL1,TPSAB1,0.9974608814489271,1
848,CX3CL1,CCL3,0.999182732406005,1
849,CX3CL1,EGLN1,0.9500605669215425,0
850,CX3CL1,CXADR,0.9993301629533765,1
851,CX3CL1,MILR1,0.9976633689850151,1
852,CX3CL1,IL10,0.9939219335210954,0
853,CX3CL1,LYSINE-N-N-O-TMS_1-1M/z102,0.9876782702721902,0
854,CX3CL1,HYPOXANTHINE-2TMS-1M/z282,0.9866079985155608,1
855,CX3CL1,TRYPTOPHAN-N-N-O-TMS-1M/z303,0.960421870485461,0
856,DPP7,TBKBP1,0.9541743670883142,0
857,DPP7,IGF1R,0.9928715931431685,0
858,DPP7,VEGFA,0.955271295281384,0
859,DPP7,NPTXR,0.9588528843146961,0
860,DPP7,FRUCTOSE-MEOX5TMS_1-1M/z366,0.9989904689201473,1
861,DPP7,GAMMA-TOCOPHEROL-TMS-1,0.9990619000386345,0
862,DPP7,INOSINE-4TMS-1M/z217,0.9868193865811622,0
863,DPP7,CHOLESTEROL-TMS-1M/z247,0.9711533319721654,1
864,DPP7,LYXOSE-MEOX4TMS_1-1M/z104,0.9501918373213922,1
865,DPP7,ACETAMINOPHEN-2TMS-1M/z297,0.9522244290721613,1
866,TNFSF14,AMOTL1,0.9632515691390547,1
867,TNFSF14,PROCA1,0.9659154189178227,0
868,TNFSF14,CCL20,0.9701950481676379,1
869,TNFSF14,SUMF2,0.9754545110896177,0
870,TNFSF14,LRP11,0.9768320080571293,1
871,TNFSF14,NCR1,0.9730131822600577,1
872,TNFSF14,OCTADECENOICACID--9-(Z)-TMS-1M/z222,0.9699149414464832,1
873,TNFSF14,Myo_Inositol_phosphate_Ri2399Mz299,0.9768291275471405,1
874,TNFSF14,HEXADECANOICACID-TMS-1M/z171,0.9602010631720013,1
875,TNFSF14,OCTADECANOICACID-TMS-1M/z313,0.959136908636124,1
876,GHRL,LOC283070,0.9792202397923698,1
877,GHRL,TXNDC5,0.9890929166016645,1
878,GHRL,CD6,0.996352239863263,1
879,GHRL,MCP-2,0.9566027793243765,1
880,GHRL,ISOLEUCINE-N-O-TMS-1M/z233,0.9543834702569971,1
881,GHRL,ORNITHINE-N-N-N-O-TMS_2-1M/z420,0.9994043004698825,1
882,GHRL,TYROSINE-N-O-O-TMS-1M/z382,0.9677389713501511,1
883,GHRL,ASPARAGINE-N-N-O-TMS-1M/z231,0.9954343955988038,1
884,GHRL,CITRULLINE-3TMS_1(Ornthine)-1,0.956825167389872,1
885,GHRL,SERINE-N-O-O-TMS-1M/z307,0.9670616466601984,1
886,GHRL,LYSINE-N-N-N-O-TMS_2-1,0.955895122820466,1
887,GHRL,PHENYLALANINE-N-O-TMS-1M/z268,0.991778305039258,1
888,GHRL,MALICACID-3TMS-1M/z245,0.9782407199816655,1
889,GHRL,VALINE-N-O-TMS-1M/z246,0.9577939526577997,1
890,GHRL,LEUCINE-N-O-TMS-1M/z158,0.9531522362319486,1
891,GHRL,ORNITHINE-N-N-O-TMS_1-1M/z144,0.9817061748200382,1
892,GHRL,CYSTEINE-N-O-S-TMS-1M/z218,0.9760153902796553,1
893,GHRL,ACONITICACID-trans-3TMS-1,0.9559302612718482,0
894,METRNL,CLUL1,0.9982245664760888,0
895,METRNL,SERPINB6,0.9779444169229499,1
896,METRNL,NTF4,0.9992878155764923,1
897,METRNL,APLP1,0.9927994071897749,1
898,METRNL,GALNT3,0.989709153990428,1
899,METRNL,2-AMINOBUTYRICACID-O-N-TMS-1M/z130,0.9788885137812507,1
900,TRIM5,creatinine,0.9546905607145139,1
901,TRIM5,GLYCINE-N-N-O-TMS-1M/z246,0.9814058098512345,1
902,TRIM5,MALTOSE-MEOX8TMS_1-1M/z361,0.9639086722054667,1
903,TRIM5,CELLOBIOSE-MEOX8TMS_2-1M/z361,0.9746494776949313,1
904,LYSINE-N-N-O-TMS_1-1M/z102,CLEC4C,0.9815749411283905,0
905,LYSINE-N-N-O-TMS_1-1M/z102,ALDH1A1,0.989863594123112,0
906,LYSINE-N-N-O-TMS_1-1M/z102,APEX1,0.9956585812168375,1
907,LYSINE-N-N-O-TMS_1-1M/z102,TPSAB1,0.9741385607185711,0
908,LYSINE-N-N-O-TMS_1-1M/z102,MCP1,0.9802049105594574,1
909,LYSINE-N-N-O-TMS_1-1M/z102,ITGA11,0.9789000635035083,0
910,LYSINE-N-N-O-TMS_1-1M/z102,MMP-1,0.9714250652152234,0
911,LYSINE-N-N-O-TMS_1-1M/z102,PAG1,0.9588166957285168,1
912,LYSINE-N-N-O-TMS_1-1M/z102,GRAP2,0.970027038430546,1
913,LYSINE-N-N-O-TMS_1-1M/z102,CCL3,0.9856395247297128,0
914,LYSINE-N-N-O-TMS_1-1M/z102,EGLN1,0.9959212238310928,1
915,LYSINE-N-N-O-TMS_1-1M/z102,SNAP23,0.9777273275701307,1
916,LYSINE-N-N-O-TMS_1-1M/z102,CXADR,0.9827881096327599,0
917,LYSINE-N-N-O-TMS_1-1M/z102,MILR1,0.9770523749680848,0
918,LYSINE-N-N-O-TMS_1-1M/z102,IL10,0.9738918559756762,1
919,LYSINE-N-N-O-TMS_1-1M/z102,CX3CL1,0.9876782702721902,0
920,Tryptophan_Ri2161Mz202,CD2AP,0.9667519784785668,1
921,Tryptophan_Ri2161Mz202,MMP-1,0.9566915736604922,0
922,Tryptophan_Ri2161Mz202,CRKL,0.9866788484445403,1
923,ISOLEUCINE-N-O-TMS-1M/z233,S100P,0.9671437170368762,1
924,ISOLEUCINE-N-O-TMS-1M/z233,CTSO,0.9709776436957458,0
925,ISOLEUCINE-N-O-TMS-1M/z233,DAPP1,0.984867631314703,1
926,ISOLEUCINE-N-O-TMS-1M/z233,PAG1,0.9583682425750544,1
927,ISOLEUCINE-N-O-TMS-1M/z233,TXNDC5,0.955528370369527,1
928,ISOLEUCINE-N-O-TMS-1M/z233,VEGFA,0.9810199890199884,1
929,ISOLEUCINE-N-O-TMS-1M/z233,TNFRSF9,0.9813013762574914,1
930,ISOLEUCINE-N-O-TMS-1M/z233,TINAGL1,0.9727714502672183,0
931,ISOLEUCINE-N-O-TMS-1M/z233,ADGRE2,0.9951454218174892,0
932,ISOLEUCINE-N-O-TMS-1M/z233,CD6,0.9646785271647157,1
933,ISOLEUCINE-N-O-TMS-1M/z233,GHRL,0.9543834702569971,1
934,ISOLEUCINE-N-O-TMS-1M/z233,LEUCINE-N-O-TMS-1M/z158,0.9530357743780891,1
935,URICACID-N-O-O-O-TMS-1M/z72,C20orf112,0.9676347299489465,0
936,URICACID-N-O-O-O-TMS-1M/z72,AXIN1,0.9626976498681878,0
937,URICACID-N-O-O-O-TMS-1M/z72,Flt3L,0.9763790389010296,1
938,URICACID-N-O-O-O-TMS-1M/z72,MCP-2,0.9593843321369379,1
939,NAPROXEN-TMS-1M/z303,CLEC6A,0.9976044607519365,0
940,NAPROXEN-TMS-1M/z303,GLRX,0.9628807623931276,1
941,GLUTAMINE-N-N-O-TMS_1-1M/z347,TRAF2,0.9685704167227658,1
942,GLUTAMINE-N-N-O-TMS_1-1M/z347,LY75,0.9504185782272775,0
943,GLUTAMINE-N-N-O-TMS_1-1M/z347,CLMP,0.9645311777365415,1
944,GLUTAMINE-N-N-O-TMS_1-1M/z347,MCP4,0.9532534147446762,1
945,GLYCINE-N-N-O-TMS-1M/z246,CD2AP,0.9542464796865637,1
946,GLYCINE-N-N-O-TMS-1M/z246,CLEC4C,0.9557777878394846,0
947,GLYCINE-N-N-O-TMS-1M/z246,APEX1,0.9555703166150776,1
948,GLYCINE-N-N-O-TMS-1M/z246,MMP-1,0.9922246015788454,0
949,GLYCINE-N-N-O-TMS-1M/z246,EGLN1,0.9530347308031755,1
950,GLYCINE-N-N-O-TMS-1M/z246,SNAP23,0.9794509201679141,1
951,GLYCINE-N-N-O-TMS-1M/z246,MCP4,0.9748276986384524,1
952,GLYCINE-N-N-O-TMS-1M/z246,TRIM5,0.9814058098512345,1
953,HYPOXANTHINE-2TMS-1M/z282,NADK,0.9930948199671251,1
954,HYPOXANTHINE-2TMS-1M/z282,CD2AP,0.9945551133530646,0
955,HYPOXANTHINE-2TMS-1M/z282,CLEC4C,0.9948628867737381,1
956,HYPOXANTHINE-2TMS-1M/z282,ALDH1A1,0.980446989654493,1
957,HYPOXANTHINE-2TMS-1M/z282,APEX1,0.9767658974528485,0
958,HYPOXANTHINE-2TMS-1M/z282,TPSAB1,0.9941020149888862,1
959,HYPOXANTHINE-2TMS-1M/z282,MCP1,0.991942457999544,0
960,HYPOXANTHINE-2TMS-1M/z282,ITGA11,0.9928353908432456,1
961,HYPOXANTHINE-2TMS-1M/z282,MMP-1,0.9783637370125057,1
962,HYPOXANTHINE-2TMS-1M/z282,CCL3,0.9829788241898391,1
963,HYPOXANTHINE-2TMS-1M/z282,EGLN1,0.9742211204284137,0
964,HYPOXANTHINE-2TMS-1M/z282,CXADR,0.9897192012727477,1
965,HYPOXANTHINE-2TMS-1M/z282,MILR1,0.9936590836863003,1
966,HYPOXANTHINE-2TMS-1M/z282,IL10,0.9901620883665025,0
967,HYPOXANTHINE-2TMS-1M/z282,CRKL,0.9704912091887005,0
968,HYPOXANTHINE-2TMS-1M/z282,CX3CL1,0.9866079985155608,1
969,TRYPTOPHAN-N-N-O-TMS-1M/z303,S100P,0.9732309914899827,1
970,TRYPTOPHAN-N-N-O-TMS-1M/z303,CLEC4C,0.9563788015890531,0
971,TRYPTOPHAN-N-N-O-TMS-1M/z303,ALDH1A1,0.9623699278856699,0
972,TRYPTOPHAN-N-N-O-TMS-1M/z303,APEX1,0.9749458946843069,1
973,TRYPTOPHAN-N-N-O-TMS-1M/z303,MMP-1,0.9709393368012219,0
974,TRYPTOPHAN-N-N-O-TMS-1M/z303,PAG1,0.978555338454567,1
975,TRYPTOPHAN-N-N-O-TMS-1M/z303,GRAP2,0.9831542024896643,1
976,TRYPTOPHAN-N-N-O-TMS-1M/z303,CCL3,0.9549279522815648,0
977,TRYPTOPHAN-N-N-O-TMS-1M/z303,EGLN1,0.9748629295797516,1
978,TRYPTOPHAN-N-N-O-TMS-1M/z303,SNAP23,0.997174005585811,1
979,TRYPTOPHAN-N-N-O-TMS-1M/z303,CXADR,0.9527071938109399,0
980,TRYPTOPHAN-N-N-O-TMS-1M/z303,CX3CL1,0.960421870485461,0
981,2-AMINOBUTYRICACID-O-N-TMS-1M/z130,CLUL1,0.9678652471399332,0
982,2-AMINOBUTYRICACID-O-N-TMS-1M/z130,MMP-10,0.9796024529626725,1
983,2-AMINOBUTYRICACID-O-N-TMS-1M/z130,SERPINB6,0.952785686780895,1
984,2-AMINOBUTYRICACID-O-N-TMS-1M/z130,NTF4,0.9783945446019149,1
985,2-AMINOBUTYRICACID-O-N-TMS-1M/z130,APLP1,0.9940623183928423,1
986,2-AMINOBUTYRICACID-O-N-TMS-1M/z130,DCTN1,0.9973163519611298,0
987,2-AMINOBUTYRICACID-O-N-TMS-1M/z130,GALNT3,0.9881990970299207,1
988,2-AMINOBUTYRICACID-O-N-TMS-1M/z130,METRNL,0.9788885137812507,1
989,N-ACETYLGLUCOSAMINE-MEOXN-O-O-O-O-TMS_2-1M/z159,DPP10,0.9870182206565398,0
990,ORNITHINE-N-N-N-O-TMS_2-1M/z420,AREG,0.996461511451629,1
991,ORNITHINE-N-N-N-O-TMS_2-1M/z420,TXNDC5,0.9921805982731409,1
992,ORNITHINE-N-N-N-O-TMS_2-1M/z420,VEGFA,0.9648106705460521,1
993,ORNITHINE-N-N-N-O-TMS_2-1M/z420,TNFRSF9,0.9902824875148307,1
994,ORNITHINE-N-N-N-O-TMS_2-1M/z420,PSIP1,0.9614099245029056,1
995,ORNITHINE-N-N-N-O-TMS_2-1M/z420,CD6,0.9966928815583936,1
996,ORNITHINE-N-N-N-O-TMS_2-1M/z420,MCP-2,0.9601752565436011,1
997,ORNITHINE-N-N-N-O-TMS_2-1M/z420,GHRL,0.9994043004698825,1
998,MALTOSE-MEOX8TMS_1-1M/z361,S100P,0.9761479043775211,1
999,MALTOSE-MEOX8TMS_1-1M/z361,DAPP1,0.9581029189858513,1
1000,MALTOSE-MEOX8TMS_1-1M/z361,MMP-1,0.9646023345465081,0
1001,MALTOSE-MEOX8TMS_1-1M/z361,PAG1,0.975201697307397,1
1002,MALTOSE-MEOX8TMS_1-1M/z361,GRAP2,0.9750339612188036,1
1003,MALTOSE-MEOX8TMS_1-1M/z361,SNAP23,0.9984362342594635,1
1004,MALTOSE-MEOX8TMS_1-1M/z361,MCP4,0.9569279238263545,1
1005,MALTOSE-MEOX8TMS_1-1M/z361,TRIM5,0.9639086722054667,1
1006,MALTOSE-MEOX8TMS_1-1M/z361,CELLOBIOSE-MEOX8TMS_2-1M/z361,0.9636994242498098,1
1007,FRUCTOSE-MEOX5TMS_1-1M/z366,LAMP3,0.9914734155209222,0
1008,FRUCTOSE-MEOX5TMS_1-1M/z366,FGF-19,0.9945615156134875,1
1009,FRUCTOSE-MEOX5TMS_1-1M/z366,CD244,0.9988508319923224,0
1010,FRUCTOSE-MEOX5TMS_1-1M/z366,PD-L1,0.9997287014355348,1
1011,FRUCTOSE-MEOX5TMS_1-1M/z366,NFATC3,0.9503235033680911,1
1012,FRUCTOSE-MEOX5TMS_1-1M/z366,KLK10,0.9999722723935089,0
1013,FRUCTOSE-MEOX5TMS_1-1M/z366,CCL19,0.997329165172151,1
1014,FRUCTOSE-MEOX5TMS_1-1M/z366,OSM,0.9989772479555729,1
1015,FRUCTOSE-MEOX5TMS_1-1M/z366,HCLS1,0.973203931789448,1
1016,FRUCTOSE-MEOX5TMS_1-1M/z366,DPP7,0.9989904689201473,1
1017,OCTADECENOICACID-9-(E)-TMS-1M/z339,OCTADECENOICACID--9-(Z)-TMS-1M/z222,0.9987248766125186,1
1018,OCTADECENOICACID-9-(E)-TMS-1M/z339,HEXADECANOICACID-TMS-1M/z171,0.9880083005472503,1
1019,TYROSINE-N-O-O-TMS-1M/z382,CTSO,0.9734436591099188,0
1020,TYROSINE-N-O-O-TMS-1M/z382,DAPP1,0.9638715842250971,1
1021,TYROSINE-N-O-O-TMS-1M/z382,AREG,0.9534397859871804,1
1022,TYROSINE-N-O-O-TMS-1M/z382,TXNDC5,0.954799651062348,1
1023,TYROSINE-N-O-O-TMS-1M/z382,VEGFA,0.9950148426051216,1
1024,TYROSINE-N-O-O-TMS-1M/z382,TNFRSF9,0.9801216132652322,1
1025,TYROSINE-N-O-O-TMS-1M/z382,TINAGL1,0.9611685218871955,0
1026,TYROSINE-N-O-O-TMS-1M/z382,ADGRE2,0.9953352743824121,0
1027,TYROSINE-N-O-O-TMS-1M/z382,CD6,0.9786432306656223,1
1028,TYROSINE-N-O-O-TMS-1M/z382,GHRL,0.9677389713501511,1
1029,GALACTURONICACID-MEOX5TMS_2-1M/z334,FCRL1,0.9647585636546071,0
1030,GALACTURONICACID-MEOX5TMS_2-1M/z334,FGF-21,0.9512058272770828,1
1031,GALACTURONICACID-MEOX5TMS_2-1M/z334,GLUCURONICACID-MEOX5TMS_2-1M/z334,0.9999816348892561,1
1032,CELLOBIOSE-MEOX8TMS_2-1M/z361,S100P,0.9656118910841184,1
1033,CELLOBIOSE-MEOX8TMS_2-1M/z361,MMP-1,0.9714506515613162,0
1034,CELLOBIOSE-MEOX8TMS_2-1M/z361,PAG1,0.964003558935385,1
1035,CELLOBIOSE-MEOX8TMS_2-1M/z361,GRAP2,0.963965068522721,1
1036,CELLOBIOSE-MEOX8TMS_2-1M/z361,SNAP23,0.9950455538065944,1
1037,CELLOBIOSE-MEOX8TMS_2-1M/z361,MCP4,0.9684505508015945,1
1038,CELLOBIOSE-MEOX8TMS_2-1M/z361,TRIM5,0.9746494776949313,1
1039,CELLOBIOSE-MEOX8TMS_2-1M/z361,MALTOSE-MEOX8TMS_1-1M/z361,0.9636994242498098,1
1040,1-MONOPALMITOYLGLYCEROL-2TMS-1M/z371,TXNDC5,0.9553229915054551,1
1041,1-MONOPALMITOYLGLYCEROL-2TMS-1M/z371,Flt3L,0.9975668302131185,1
1042,1-MONOPALMITOYLGLYCEROL-2TMS-1M/z371,PSIP1,0.9897634328030248,1
1043,1-MONOPALMITOYLGLYCEROL-2TMS-1M/z371,MCP-2,0.9910832986501513,1
1044,Benzenebutanoic_acid_Ri2182Mz192,AHCY,0.9890369416733701,1
1045,Benzenebutanoic_acid_Ri2182Mz192,FAM3C,0.9629323658460256,1
1046,Benzenebutanoic_acid_Ri2182Mz192,FCRL1,0.9653611660503136,1
1047,Benzenebutanoic_acid_Ri2182Mz192,NFATC3,0.9744020416416073,0
1048,Benzenebutanoic_acid_Ri2182Mz192,HCLS1,0.9610334266780503,0
1049,GLUCURONICACID-MEOX5TMS_2-1M/z334,FCRL1,0.9635543185416806,0
1050,GLUCURONICACID-MEOX5TMS_2-1M/z334,FGF-21,0.9521971208188037,1
1051,GLUCURONICACID-MEOX5TMS_2-1M/z334,GALACTURONICACID-MEOX5TMS_2-1M/z334,0.9999816348892561,1
1052,GAMMA-TOCOPHEROL-TMS-1,ast,0.968545623359949,0
1053,GAMMA-TOCOPHEROL-TMS-1,LAMP3,0.9804025763104118,1
1054,GAMMA-TOCOPHEROL-TMS-1,FGF-19,0.9884887005714728,0
1055,GAMMA-TOCOPHEROL-TMS-1,CD244,0.9989832937909897,1
1056,GAMMA-TOCOPHEROL-TMS-1,PD-L1,0.9958947659761223,0
1057,GAMMA-TOCOPHEROL-TMS-1,KLK10,0.9966878506370689,1
1058,GAMMA-TOCOPHEROL-TMS-1,CCL19,0.9953102964489361,0
1059,GAMMA-TOCOPHEROL-TMS-1,OSM,0.9984052425853931,0
1060,GAMMA-TOCOPHEROL-TMS-1,HCLS1,0.952333988228943,0
1061,GAMMA-TOCOPHEROL-TMS-1,DPP7,0.9990619000386345,0
1062,ISOERYTHRITOL-4TMS-1M/z277,LAMP3,0.9501326629618518,0
1063,ISOERYTHRITOL-4TMS-1M/z277,AHCY,0.9979346830739957,0
1064,ISOERYTHRITOL-4TMS-1M/z277,FAM3C,0.9898647213932559,0
1065,ISOERYTHRITOL-4TMS-1M/z277,FCRL1,0.9819662099033284,0
1066,ISOERYTHRITOL-4TMS-1M/z277,NFATC3,0.9749260814888406,1
1067,ISOERYTHRITOL-4TMS-1M/z277,HCLS1,0.9727340875070362,1
1068,ISOERYTHRITOL-4TMS-1M/z277,ERYTHRITOL-4TMS-1M/z277,0.9999112011181235,1
1069,SALICYLICACID-2TMS-1M/z268,CCL20,0.9690109247688359,1
1070,SALICYLICACID-2TMS-1M/z268,SUMF2,0.9747305898823457,0
1071,SALICYLICACID-2TMS-1M/z268,TRAF2,0.9763735776248895,1
1072,SALICYLICACID-2TMS-1M/z268,LRP11,0.9643945142639262,1
1073,SALICYLICACID-2TMS-1M/z268,TYMP,0.9622161953616288,1
1074,SALICYLICACID-2TMS-1M/z268,NCR1,0.9732018387899884,1
1075,SALICYLICACID-2TMS-1M/z268,LY75,0.9749844556594756,0
1076,SALICYLICACID-2TMS-1M/z268,CNTNAP2,0.9799691533073042,0
1077,SALICYLICACID-2TMS-1M/z268,CLMP,0.9795428672588069,1
1078,BETA-ALANINE-N-N-O-TMS-1M/z304,CLEC4A,0.963821034568601,0
1079,ASPARAGINE-N-N-O-TMS-1M/z231,AREG,0.9924582347468777,1
1080,ASPARAGINE-N-N-O-TMS-1M/z231,TXNDC5,0.9914004544442945,1
1081,ASPARAGINE-N-N-O-TMS-1M/z231,VEGFA,0.9776857364937375,1
1082,ASPARAGINE-N-N-O-TMS-1M/z231,TNFRSF9,0.997293726462816,1
1083,ASPARAGINE-N-N-O-TMS-1M/z231,PSIP1,0.9595535242443146,1
1084,ASPARAGINE-N-N-O-TMS-1M/z231,ADGRE2,0.9620938260609649,0
1085,ASPARAGINE-N-N-O-TMS-1M/z231,CD6,0.9963150334183839,1
1086,ASPARAGINE-N-N-O-TMS-1M/z231,MCP-2,0.9546324200844105,1
1087,ASPARAGINE-N-N-O-TMS-1M/z231,GHRL,0.9954343955988038,1
1088,CITRULLINE-3TMS_1(Ornthine)-1,GHRL,0.956825167389872,1
1089,LYSINE-N-N-O-TMS_3-1,AXIN1,0.9608868461311796,0
1090,LYSINE-N-N-O-TMS_3-1,Flt3L,0.9658856287907804,1
1091,CITRICACID-4TMS-1M/z465,CLMP,0.9939345066322556,1
1092,CITRICACID-4TMS-1M/z465,ISOCITRICACID-4TMS-1M/z466,0.9732439459186276,1
1093,SERINE-N-O-O-TMS-1M/z307,AREG,0.9897280074808039,1
1094,SERINE-N-O-O-TMS-1M/z307,TXNDC5,0.9951560492006153,1
1095,SERINE-N-O-O-TMS-1M/z307,TNFRSF9,0.9854429266938327,1
1096,SERINE-N-O-O-TMS-1M/z307,Flt3L,0.9711609921883207,1
1097,SERINE-N-O-O-TMS-1M/z307,PSIP1,0.9977771079914376,1
1098,SERINE-N-O-O-TMS-1M/z307,CD6,0.9584827469891538,1
1099,SERINE-N-O-O-TMS-1M/z307,MCP-2,0.9953747574304423,1
1100,SERINE-N-O-O-TMS-1M/z307,GHRL,0.9670616466601984,1
1101,OCTADECENOICACID--9-(Z)-TMS-1M/z222,TNFSF14,0.9699149414464832,1
1102,OCTADECENOICACID--9-(Z)-TMS-1M/z222,OCTADECENOICACID-9-(E)-TMS-1M/z339,0.9987248766125186,1
1103,OCTADECENOICACID--9-(Z)-TMS-1M/z222,HEXADECANOICACID-TMS-1M/z171,0.9905082964786227,1
1104,ALPHA-TOCOPHEROL-TMS-1M/z504,DCTN1,0.9504468748573683,1
1105,Myo_Inositol_phosphate_Ri2399Mz299,CCL20,0.9976839380825938,1
1106,Myo_Inositol_phosphate_Ri2399Mz299,SUMF2,0.9991915656150873,0
1107,Myo_Inositol_phosphate_Ri2399Mz299,TRAF2,0.9886781460846007,1
1108,Myo_Inositol_phosphate_Ri2399Mz299,LRP11,0.997977672648046,1
1109,Myo_Inositol_phosphate_Ri2399Mz299,TYMP,0.9947117899177473,1
1110,Myo_Inositol_phosphate_Ri2399Mz299,NCR1,0.9983549307745053,1
1111,Myo_Inositol_phosphate_Ri2399Mz299,LY75,0.9956813423151777,0
1112,Myo_Inositol_phosphate_Ri2399Mz299,CNTNAP2,0.9965331379122448,0
1113,Myo_Inositol_phosphate_Ri2399Mz299,TNFSF14,0.9768291275471405,1
1114,ERYTHRITOL-4TMS-1M/z277,LAMP3,0.9515967085638397,0
1115,ERYTHRITOL-4TMS-1M/z277,AHCY,0.9981736091862984,0
1116,ERYTHRITOL-4TMS-1M/z277,FAM3C,0.9899947666440715,0
1117,ERYTHRITOL-4TMS-1M/z277,FCRL1,0.9813836502487062,0
1118,ERYTHRITOL-4TMS-1M/z277,NFATC3,0.9755989021132838,1
1119,ERYTHRITOL-4TMS-1M/z277,HCLS1,0.9737015412766796,1
1120,ERYTHRITOL-4TMS-1M/z277,ISOERYTHRITOL-4TMS-1M/z277,0.9999112011181235,1
1121,LYSINE-N-N-N-O-TMS_2-1,AREG,0.9709415918996844,1
1122,LYSINE-N-N-N-O-TMS_2-1,TXNDC5,0.9636486235256828,1
1123,LYSINE-N-N-N-O-TMS_2-1,Flt3L,0.9564815990771507,1
1124,LYSINE-N-N-N-O-TMS_2-1,PSIP1,0.960401440605279,1
1125,LYSINE-N-N-N-O-TMS_2-1,MCP-2,0.9697181290784918,1
1126,LYSINE-N-N-N-O-TMS_2-1,GHRL,0.955895122820466,1
1127,LACTOSE-MEOX8TMS_1-1M/z204,CLMP,0.9644592717165599,0
1128,ISOCITRICACID-4TMS-1M/z466,CLMP,0.9850345587787434,1
1129,ISOCITRICACID-4TMS-1M/z466,CITRICACID-4TMS-1M/z465,0.9732439459186276,1
1130,PHENYLALANINE-N-O-TMS-1M/z268,AREG,0.9708838145060216,1
1131,PHENYLALANINE-N-O-TMS-1M/z268,TXNDC5,0.9592571153732761,1
1132,PHENYLALANINE-N-O-TMS-1M/z268,VEGFA,0.9700029718139709,1
1133,PHENYLALANINE-N-O-TMS-1M/z268,TNFRSF9,0.9613884933716189,1
1134,PHENYLALANINE-N-O-TMS-1M/z268,CD6,0.9925780534771773,1
1135,PHENYLALANINE-N-O-TMS-1M/z268,GHRL,0.991778305039258,1
1136,SORBOSE-MEOX5TMS_2-1,NFATC3,0.9692225231177103,1
1137,SORBOSE-MEOX5TMS_2-1,SORBOSE-MEOX5TMS_1-1M/z364,0.9884294819868299,1
1138,CYSTINE-N-N-O-O-TMS-1M/z297,DPP10,0.9521583007472998,0
1139,MALICACID-3TMS-1M/z245,AREG,0.9744051497192044,1
1140,MALICACID-3TMS-1M/z245,TXNDC5,0.9621862645618667,1
1141,MALICACID-3TMS-1M/z245,CD6,0.9673117193304043,1
1142,MALICACID-3TMS-1M/z245,GHRL,0.9782407199816655,1
1143,TAURINE-3TMS-1M/z328,ENPP7,0.9858787006055243,0
1144,SORBOSE-MEOX5TMS_1-1M/z364,LAMP3,0.9595078971165693,0
1145,SORBOSE-MEOX5TMS_1-1M/z364,NFATC3,0.9808475286730294,1
1146,SORBOSE-MEOX5TMS_1-1M/z364,HCLS1,0.9730357341713766,1
1147,SORBOSE-MEOX5TMS_1-1M/z364,SORBOSE-MEOX5TMS_2-1,0.9884294819868299,1
1148,HEPTADECANOICACID-TMS-1M/z132,FGF-19,0.9602123780503528,0
1149,HEPTADECANOICACID-TMS-1M/z132,AHCY,0.9866281867302896,1
1150,HEPTADECANOICACID-TMS-1M/z132,FAM3C,0.9998825513280984,1
1151,HEPTADECANOICACID-TMS-1M/z132,FCRL1,0.9881344655991549,1
1152,HEPTADECANOICACID-TMS-1M/z132,NFATC3,0.9501991687128778,0
1153,HEPTADECANOICACID-TMS-1M/z132,HCLS1,0.95737239318215,0
1154,INOSITOL-scyllo-6TMS-1M/z432,DPP10,0.9958646776245826,0
1155,VALINE-N-O-TMS-1M/z246,CTSO,0.9604968143055842,0
1156,VALINE-N-O-TMS-1M/z246,VEGFA,0.9954304882065691,1
1157,VALINE-N-O-TMS-1M/z246,SH2D1A,0.9527492704582977,1
1158,VALINE-N-O-TMS-1M/z246,ADGRE2,0.9714854643087755,0
1159,VALINE-N-O-TMS-1M/z246,CD6,0.9717905833104671,1
1160,VALINE-N-O-TMS-1M/z246,GHRL,0.9577939526577997,1
1161,THREONINE-N-O-O-TMS-1M/z293,S100P,0.9591537989143911,1
1162,THREONINE-N-O-O-TMS-1M/z293,DAPP1,0.9759815956183943,1
1163,THREONINE-N-O-O-TMS-1M/z293,AREG,0.9641751545913649,1
1164,THREONINE-N-O-O-TMS-1M/z293,TXNDC5,0.9765702978966744,1
1165,THREONINE-N-O-O-TMS-1M/z293,TNFRSF9,0.9788514790943558,1
1166,THREONINE-N-O-O-TMS-1M/z293,PSIP1,0.9829395279311898,1
1167,THREONINE-N-O-O-TMS-1M/z293,MCP-2,0.974169845701008,1
1168,INOSINE-4TMS-1M/z217,LAMP3,0.9808828539289363,1
1169,INOSINE-4TMS-1M/z217,FGF-19,0.9596784093254827,0
1170,INOSINE-4TMS-1M/z217,CD244,0.9844163974772621,1
1171,INOSINE-4TMS-1M/z217,CD28,0.9779624998222934,1
1172,INOSINE-4TMS-1M/z217,PD-L1,0.9861496483542188,0
1173,INOSINE-4TMS-1M/z217,KLK10,0.9831426614532083,1
1174,INOSINE-4TMS-1M/z217,CCL19,0.9929797881572698,0
1175,INOSINE-4TMS-1M/z217,OSM,0.9821326893022954,0
1176,INOSINE-4TMS-1M/z217,HCLS1,0.954237263004917,0
1177,INOSINE-4TMS-1M/z217,DPP7,0.9868193865811622,0
1178,FUMARICACID-2TMS-1M/z246,S100P,0.9722197206968116,1
1179,FUMARICACID-2TMS-1M/z246,CTSO,0.987239732588351,0
1180,FUMARICACID-2TMS-1M/z246,DAPP1,0.970397397048555,1
1181,FUMARICACID-2TMS-1M/z246,PAG1,0.9774992318877559,1
1182,FUMARICACID-2TMS-1M/z246,GRAP2,0.9762123191616131,1
1183,FUMARICACID-2TMS-1M/z246,SH2D1A,0.9671460516731304,1
1184,FUMARICACID-2TMS-1M/z246,TINAGL1,0.9999232968419481,0
1185,FUMARICACID-2TMS-1M/z246,ADGRE2,0.98105781293614,0
1186,FUMARICACID-2TMS-1M/z246,BACH1,0.9556914361828831,1
1187,CHOLESTEROL-TMS-1M/z247,LAMP3,0.9963305574557312,0
1188,CHOLESTEROL-TMS-1M/z247,FGF-19,0.956528824084519,1
1189,CHOLESTEROL-TMS-1M/z247,AHCY,0.9644311178584664,0
1190,CHOLESTEROL-TMS-1M/z247,CD244,0.968138253172569,0
1191,CHOLESTEROL-TMS-1M/z247,PD-L1,0.9809584519503347,1
1192,CHOLESTEROL-TMS-1M/z247,NFATC3,0.9884810992994487,1
1193,CHOLESTEROL-TMS-1M/z247,KLK10,0.9757938581157937,0
1194,CHOLESTEROL-TMS-1M/z247,CCL19,0.9846359789841445,1
1195,CHOLESTEROL-TMS-1M/z247,OSM,0.967319508590869,1
1196,CHOLESTEROL-TMS-1M/z247,HCLS1,0.9952773084264889,1
1197,CHOLESTEROL-TMS-1M/z247,DPP7,0.9711533319721654,1
1198,HEXADECANOICACID-TMS-1M/z171,FGF-21,0.9753340240602962,0
1199,HEXADECANOICACID-TMS-1M/z171,TNFSF14,0.9602010631720013,1
1200,HEXADECANOICACID-TMS-1M/z171,OCTADECENOICACID-9-(E)-TMS-1M/z339,0.9880083005472503,1
1201,HEXADECANOICACID-TMS-1M/z171,OCTADECENOICACID--9-(Z)-TMS-1M/z222,0.9905082964786227,1
1202,OCTADECANOICACID-TMS-1M/z313,CCL20,0.9760160190473469,1
1203,OCTADECANOICACID-TMS-1M/z313,SUMF2,0.9818072288191887,0
1204,OCTADECANOICACID-TMS-1M/z313,TRAF2,0.9634930290614236,1
1205,OCTADECANOICACID-TMS-1M/z313,LRP11,0.9792856958743716,1
1206,OCTADECANOICACID-TMS-1M/z313,TYMP,0.9678519930192986,1
1207,OCTADECANOICACID-TMS-1M/z313,NCR1,0.9785844454421968,1
1208,OCTADECANOICACID-TMS-1M/z313,LY75,0.9730755501634725,0
1209,OCTADECANOICACID-TMS-1M/z313,CNTNAP2,0.9772443467361698,0
1210,OCTADECANOICACID-TMS-1M/z313,CLEC4A,0.9787841838898995,1
1211,OCTADECANOICACID-TMS-1M/z313,TNFSF14,0.959136908636124,1
1212,LEUCINE-N-O-TMS-1M/z158,S100P,0.9610402326615431,1
1213,LEUCINE-N-O-TMS-1M/z158,CTSO,0.9777381360176441,0
1214,LEUCINE-N-O-TMS-1M/z158,DAPP1,0.979450986674009,1
1215,LEUCINE-N-O-TMS-1M/z158,PAG1,0.9531889629561758,1
1216,LEUCINE-N-O-TMS-1M/z158,VEGFA,0.9858017298725583,1
1217,LEUCINE-N-O-TMS-1M/z158,TNFRSF9,0.9770655104428639,1
1218,LEUCINE-N-O-TMS-1M/z158,TINAGL1,0.9753695460375612,0
1219,LEUCINE-N-O-TMS-1M/z158,ADGRE2,0.9978638262114294,0
1220,LEUCINE-N-O-TMS-1M/z158,CD6,0.9649177138182072,1
1221,LEUCINE-N-O-TMS-1M/z158,GHRL,0.9531522362319486,1
1222,LEUCINE-N-O-TMS-1M/z158,ISOLEUCINE-N-O-TMS-1M/z233,0.9530357743780891,1
1223,LEUCINE-N-O-TMS-1M/z158,ORNITHINE-N-N-O-TMS_1-1M/z144,0.9777035609028126,1
1224,ORNITHINE-N-N-O-TMS_1-1M/z144,CTSO,0.9559516676873229,0
1225,ORNITHINE-N-N-O-TMS_1-1M/z144,DAPP1,0.9605280158442301,1
1226,ORNITHINE-N-N-O-TMS_1-1M/z144,AREG,0.9713830756799289,1
1227,ORNITHINE-N-N-O-TMS_1-1M/z144,TXNDC5,0.9718285909665728,1
1228,ORNITHINE-N-N-O-TMS_1-1M/z144,VEGFA,0.9927453775150398,1
1229,ORNITHINE-N-N-O-TMS_1-1M/z144,TNFRSF9,0.990191109680816,1
1230,ORNITHINE-N-N-O-TMS_1-1M/z144,ADGRE2,0.9871702308059107,0
1231,ORNITHINE-N-N-O-TMS_1-1M/z144,CD6,0.9890187022698416,1
1232,ORNITHINE-N-N-O-TMS_1-1M/z144,GHRL,0.9817061748200382,1
1233,ORNITHINE-N-N-O-TMS_1-1M/z144,LEUCINE-N-O-TMS-1M/z158,0.9777035609028126,1
1234,1-PALMITOYL-sn-GLYCERO-3-PHOSPHOCHOLINE-TMSderivative-1M/z301,DPP10,0.9727079725826804,0
1235,LYXOSE-MEOX4TMS_1-1M/z104,CD244,0.9520751289079592,0
1236,LYXOSE-MEOX4TMS_1-1M/z104,OSM,0.9507251132800204,1
1237,LYXOSE-MEOX4TMS_1-1M/z104,DPP7,0.9501918373213922,1
1238,PYROGLUTAMICACID-N-O-TMS-1M/z159,CLEC6A,0.9995399308668326,0
1239,PYROGLUTAMICACID-N-O-TMS-1M/z159,GLRX,0.9727794104605029,1
1240,PYROGLUTAMICACID-N-O-TMS-1M/z159,CLEC4A,0.9591582880982809,1
1241,CYSTEINE-N-O-S-TMS-1M/z218,AREG,0.9864832879160025,1
1242,CYSTEINE-N-O-S-TMS-1M/z218,TXNDC5,0.980257629353803,1
1243,CYSTEINE-N-O-S-TMS-1M/z218,TNFRSF9,0.9572905065269509,1
1244,CYSTEINE-N-O-S-TMS-1M/z218,Flt3L,0.9525620807898982,1
1245,CYSTEINE-N-O-S-TMS-1M/z218,PSIP1,0.9696438853712177,1
1246,CYSTEINE-N-O-S-TMS-1M/z218,CD6,0.9624431930091355,1
1247,CYSTEINE-N-O-S-TMS-1M/z218,MCP-2,0.9758851016090931,1
1248,CYSTEINE-N-O-S-TMS-1M/z218,GHRL,0.9760153902796553,1
1249,3-HYDROXYBUTYRICACID-2TMS-1M/z204,AREG,0.9591156955577899,1
1250,3-HYDROXYBUTYRICACID-2TMS-1M/z204,TXNDC5,0.9570401432470571,1
1251,3-HYDROXYBUTYRICACID-2TMS-1M/z204,Flt3L,0.9833167856547668,1
1252,3-HYDROXYBUTYRICACID-2TMS-1M/z204,PSIP1,0.9728580676095251,1
1253,3-HYDROXYBUTYRICACID-2TMS-1M/z204,MCP-2,0.9818294519164266,1
1254,Kynuerine_Mz192Time:373.01to374.92Mass:192to192,NPTXR,0.9720229300683304,1
1255,LAMINARIBIOSE-MEOX8TMS_2-1M/z361,TRAF2,0.9553820268234093,1
1256,LAMINARIBIOSE-MEOX8TMS_2-1M/z361,Flt3L,0.9658391240893353,1
1257,ACONITICACID-trans-3TMS-1,CTSO,0.9773553380508092,1
1258,ACONITICACID-trans-3TMS-1,VEGFA,0.9985703374368935,0
1259,ACONITICACID-trans-3TMS-1,SH2D1A,0.965059383598965,0
1260,ACONITICACID-trans-3TMS-1,TNFRSF9,0.9539998797392129,0
1261,ACONITICACID-trans-3TMS-1,ADGRE2,0.9875045751532037,1
1262,ACONITICACID-trans-3TMS-1,CD6,0.9707272063446885,0
1263,ACONITICACID-trans-3TMS-1,GHRL,0.9559302612718482,0
1264,BETA-ALANINE-N-O-TMS-1M/z218,TRIM21,0.9681199811676856,0
1265,ADENOSINE-5-MONOPHOSPHATE-5TMS-1M/z230,DPP10,0.956398986620198,0
1266,ADENOSINE-5-MONOPHOSPHATE-5TMS-1M/z230,CRKL,0.9631830212463863,1
1267,SUCROSE-8TMS-1M/z362,CD28,0.9518195043941567,0
1268,OCTADECADIENOICACID-9-12-(Z-Z)-TMS-1M/z337,CCL20,0.971521157458076,1
1269,OCTADECADIENOICACID-9-12-(Z-Z)-TMS-1M/z337,SUMF2,0.9650455033546712,0
1270,OCTADECADIENOICACID-9-12-(Z-Z)-TMS-1M/z337,TRAF2,0.9787270383541125,1
1271,OCTADECADIENOICACID-9-12-(Z-Z)-TMS-1M/z337,LRP11,0.9626920931993307,1
1272,OCTADECADIENOICACID-9-12-(Z-Z)-TMS-1M/z337,AXIN1,0.9953353265908368,0
1273,OCTADECADIENOICACID-9-12-(Z-Z)-TMS-1M/z337,TYMP,0.9788900989956336,1
1274,OCTADECADIENOICACID-9-12-(Z-Z)-TMS-1M/z337,NCR1,0.9694206820737452,1
1275,OCTADECADIENOICACID-9-12-(Z-Z)-TMS-1M/z337,LY75,0.9754864944699199,0
1276,OCTADECADIENOICACID-9-12-(Z-Z)-TMS-1M/z337,CNTNAP2,0.9705791711848009,0
1277,OCTADECADIENOICACID-9-12-(Z-Z)-TMS-1M/z337,Flt3L,0.9649562848016512,1
1278,BENZOICACID-TMS-1,TRIM21,0.9864991132527825,0
1279,DODECANOICACID-TMS-1M/z257,AHCY,0.9754599951589409,1
1280,DODECANOICACID-TMS-1M/z257,FAM3C,0.9977920723392075,1
1281,DODECANOICACID-TMS-1M/z257,FCRL1,0.9959829446127149,1
1282,CREATININE-3TMS-1M/z329,NPTXR,0.9610113973214035,1
1283,ACETAMINOPHEN-2TMS-1M/z297,CD28,0.9918177043278323,0
1284,ACETAMINOPHEN-2TMS-1M/z297,CCL19,0.9585375645754144,1
1285,ACETAMINOPHEN-2TMS-1M/z297,DPP7,0.9522244290721613,1
